1855,0,0,0,3,2 Full+ 1 Half,2,72'8" x 51'0",Basement|Crawlspace|Slab,Main,Main,1855,351001,http://www.ultimateplans.com/UploadedFiles/HomePlans/351001-FP.gif,http://www.ultimateplans.com/UploadedFiles/HomePlans/351001-FPU.gif,
1380,0,0,0,3,2 Full,2,48'0" x 43'4",Basement|Crawlspace|Slab|Walk-out,Main,,1380,131014,http://www.ultimateplans.com/UploadedFiles/HomePlans/131014-FP-E.gif,
1751,0,0,0,3,2 Full,2,64'0" x 45'10",Basement|Crawlspace|Slab,Main,Main,1751,351003,http://www.ultimateplans.com/UploadedFiles/HomePlans/351003-FP-E.gif,
1751,0,0,0,3,2 Full,2,64'0" x 45'10",Basement|Crawlspace|Slab,Main,Main,1751,351002,http://www.ultimateplans.com/UploadedFiles/HomePlans/351002-FP-E.gif,
2184,0,0,0,3,3 Full,2,71'2" x 58'1",Basement|Crawlspace|Slab|Walk-out,Main,Main,2184,101011,http://www.ultimateplans.com/UploadedFiles/HomePlans/101011-FP-E.gif,
1813,885,0,0,5,3 Full,2,70'2" x 51'4",Basement|Crawlspace|Slab|Walk-out,Main,Main,2698,151014,http://www.ultimateplans.com/UploadedFiles/HomePlans/151014-FP-E.gif,http://www.ultimateplans.com/UploadedFiles/HomePlans/151014-FPU-E.gif,
2002,0,0,0,3,2 Full,2,64'6" x 61'4",Basement|Crawlspace|Slab,Main,Main,2002,351008,http://www.ultimateplans.com/UploadedFiles/HomePlans/351008-FP-E.gif,
1709,0,0,0,3,2 Full+ 1 Half,2,70'1" x 60'7",Basement|Crawlspace|Slab|Walk-out,Main,Main,1709,131002,http://www.ultimateplans.com/UploadedFiles/HomePlans/131002-FP-E.gif,
1992,0,0,0,3,3 Full,2,66'2" x 62'0",Basement|Crawlspace|Slab,Main,Main,1992,101022,http://www.ultimateplans.com/UploadedFiles/HomePlans/101022-FP.gif,
2526,0,0,0,4,3 Full,2,65'0" x 56'8",Basement|Crawlspace|Slab,Main,Main,2526,241008,http://www.ultimateplans.com/UploadedFiles/HomePlans/241008-FP-E.gif,
2107,0,0,0,4,2 Full+ 1 Half,2,64'8" x 62'1",Basement|Crawlspace|Slab,Main,Main,2107,151004,http://www.ultimateplans.com/UploadedFiles/HomePlans/151004-FP.jpg,
1626,475,0,0,3,2 Full+ 1 Half,2,59'4" x 58'8",Basement|Crawlspace,Main,Main,2101,161016,http://www.ultimateplans.com/UploadedFiles/HomePlans/161016-FP-E.gif,http://www.ultimateplans.com/UploadedFiles/HomePlans/161016-FPU-E.gif,
1721,0,0,0,3,2 Full,3,83'0" x 42'0",Crawlspace|Slab|Walk-out,Main,Main,1721,321001,http://www.ultimateplans.com/UploadedFiles/HomePlans/321001-FP-E.gif,
1232,951,0,0,3,2 Full+ 1 Half,2,56'4" x 44'0",Basement|Crawlspace|Slab,Upper,Main,2183,181085,http://www.ultimateplans.com/UploadedFiles/HomePlans/181085-FPL.jpg,http://www.ultimateplans.com/UploadedFiles/HomePlans/181085-FPU.jpg,
1253,0,0,0,3,2 Full,2,61'3" x 40'6",Crawlspace|Slab,Main,Main,1253,251001,http://www.ultimateplans.com/UploadedFiles/HomePlans/251001-FP-E.gif,
1852,0,0,0,3,2 Full+ 1 Half,2,78'0" x 49'6",Basement|Crawlspace|Slab,Main,Main,1852,351004,http://www.ultimateplans.com/UploadedFiles/HomePlans/351004-FP-E.gif,http://www.ultimateplans.com/UploadedFiles/HomePlans/351004-FPU-E.gif,
1107,1243,0,0,3,2 Full+ 1 Half,2,58'0" x 33'0",Basement|Crawlspace|Slab,Upper,Main,2350,181081,http://www.ultimateplans.com/UploadedFiles/HomePlans/181081-FP-E.gif,http://www.ultimateplans.com/UploadedFiles/HomePlans/181081-FPU-E.gif,
1800,0,0,0,3,2 Full,2,89'0" x 49'4",Basement|Crawlspace|Slab,Main,Main,1800,151196,http://www.ultimateplans.com/UploadedFiles/HomePlans/151196-FP-E.gif,
2444,0,0,0,3,2 Full+ 1 Half,2,67'0" x 66'0",Basement|Crawlspace|Slab|Walk-out,Main,Main,2444,151002,http://www.ultimateplans.com/UploadedFiles/HomePlans/151002-FP-E.gif,
1926,0,0,0,3,2 Full+ 1 Half,2,69'8" x 46'0",Basement|Crawlspace|Slab|Walk-out,Main,Main,1926,221015,http://www.ultimateplans.com/UploadedFiles/HomePlans/221015-FP-E.gif,
2483,0,0,0,3,2 Full,2,69'0" x 53'8",Basement,Main,Main,2483,321005,http://www.ultimateplans.com/UploadedFiles/HomePlans/321005-FP-E.gif,
3084,0,0,0,4,3 Full+ 1 Half,2,74'0" x 72'0",Crawlspace|Slab,Main,Main,3084,171013,http://www.ultimateplans.com/UploadedFiles/HomePlans/171013-FP.jpg,http://www.ultimateplans.com/UploadedFiles/HomePlans/171013-FPU.jpg,
2695,0,0,0,3,2 Full+ 1 Half,2,76'0" x 55'2",Basement,Main,Main,2695,321007,http://www.ultimateplans.com/UploadedFiles/HomePlans/321007-FP.jpg,
2156,0,0,0,4,3 Full,2,62'0" x 72'0",Basement|Crawlspace|Slab,,Main,2156,191001,http://www.ultimateplans.com/UploadedFiles/HomePlans/191001-FP-E.gif,
2008,802,0,0,4,3 Full,2,72'4" x 48'4",Basement|Crawlspace|Slab|Walk-out,Main,Main,2810,151015,http://www.ultimateplans.com/UploadedFiles/HomePlans/151015-FP.jpg,http://www.ultimateplans.com/UploadedFiles/HomePlans/151015-FPU.jpg,
1930,0,0,0,3,2 Full,2,71'0" x 42'0",Crawlspace|Slab,Main,,1930,301005,http://www.ultimateplans.com/UploadedFiles/HomePlans/301005-FP-E.gif,
1108,517,0,0,3,2 Full,0,36'0" x 36'0",Basement|Crawlspace|Slab|Walk-out,Main,Main,1625,181128,http://www.ultimateplans.com/UploadedFiles/HomePlans/181128-FP-E.gif,http://www.ultimateplans.com/UploadedFiles/HomePlans/181128-FPU-E.gif,
1290,1180,0,0,4,2 Full+ 1 Half,2,51'0" x 41'10",Basement|Crawlspace|Slab|Walk-out,Upper,Main,2470,131030,http://www.ultimateplans.com/UploadedFiles/HomePlans/131030-FP-E.gif,http://www.ultimateplans.com/UploadedFiles/HomePlans/131030-FPU-E.gif,
1024,456,0,0,2,2 Full,0,32'0" x 40'0",Crawlspace|Slab|Walk-out,Main,,1480,181120,http://www.ultimateplans.com/UploadedFiles/HomePlans/181120-FP-E.gif,http://www.ultimateplans.com/UploadedFiles/HomePlans/181120-FPU-E.gif,
1791,0,0,0,4,2 Full,2,67'4" x 48'0",Basement,Main,Main,1791,321003,http://www.ultimateplans.com/UploadedFiles/HomePlans/321003-FP-E.gif,
2089,0,0,0,3,2 Full+ 1 Half,2,79'0" x 46'0",Crawlspace|Slab,Main,Main,2089,171015,http://www.ultimateplans.com/UploadedFiles/HomePlans/171015-FP.jpg,
1670,0,0,0,3,2 Full,2,53'0" x 55'9",Basement|Crawlspace|Slab,Main,Main,1670,241005,http://www.ultimateplans.com/UploadedFiles/HomePlans/241005-FP-E.gif,
1977,0,0,0,4,2 Full+ 1 Half,3,76'0" x 45'0",Walk-out,Main,Main,1977,321006,http://www.ultimateplans.com/UploadedFiles/HomePlans/321006-FP-E.gif,
1550,0,0,0,3,2 Full,2,63'0" x 37'0",Basement,Main,,1550,291002,http://www.ultimateplans.com/UploadedFiles/HomePlans/291002-FP-E.gif,
1957,0,0,0,3,3 Full,2,66'0" x 55'0",Basement|Crawlspace|Slab|Walk-out,Main,Main,1957,151117,http://www.ultimateplans.com/UploadedFiles/HomePlans/151117-FP-E.gif,http://www.ultimateplans.com/UploadedFiles/HomePlans/151117-FPU-E.gif,
1638,0,0,0,3,2 Full,2,72'10" x 41'0",Basement|Crawlspace|Slab,Main,Main,1638,351006,http://www.ultimateplans.com/UploadedFiles/HomePlans/351006-FP-E.gif,
2251,0,0,0,3,2 Full+ 1 Half,2,73'8" x 53'2",Basement|Crawlspace|Slab,Main,Main,2251,351007,http://www.ultimateplans.com/UploadedFiles/HomePlans/351007-FP-E.gif,http://www.ultimateplans.com/UploadedFiles/HomePlans/351007-FPU-E.gif,
1400,0,0,0,3,2 Full,2,54'0" x 47'0",Basement|Crawlspace|Slab,Main,Main,1400,351009,http://www.ultimateplans.com/UploadedFiles/HomePlans/351009-FP-E.gif,
1274,1009,0,0,3,2 Full+ 1 Half,2,50'0" x 46'0",Basement|Crawlspace|Slab,Upper,Main,2283,181151,http://www.ultimateplans.com/UploadedFiles/HomePlans/181151-FP-E.gif,http://www.ultimateplans.com/UploadedFiles/HomePlans/181151-FPU-E.gif,
1923,1852,0,0,4,3 Full+ 1 Half,3,70'0" x 60'0",Basement|Crawlspace|Slab,Upper,Main,3775,121019,http://www.ultimateplans.com/UploadedFiles/HomePlans/121019-FP-E.gif,http://www.ultimateplans.com/UploadedFiles/HomePlans/121019-FPU-E.gif,
1648,0,0,0,3,2 Full+ 1 Half,2,68'0" x 50'0",Crawlspace|Slab,Main,Main,1648,171006,http://www.ultimateplans.com/UploadedFiles/HomePlans/171006-FP-E.gif,
2097,0,0,0,3,3 Full,3,70'2" x 59'0",Basement|Crawlspace|Slab,Main,Main,2097,101009,http://www.ultimateplans.com/UploadedFiles/HomePlans/101009-FP-E.gif,
1763,0,0,0,3,2 Full,2,67'8" x 43'0",Basement,Main,,1763,221004,http://www.ultimateplans.com/UploadedFiles/HomePlans/221004-FP-E.gif,
2405,0,0,0,4,3 Full,3,66'4" x 67'2",Basement|Crawlspace|Slab|Walk-out,Main,Main,2405,151179,http://www.ultimateplans.com/UploadedFiles/HomePlans/151179-FP.jpg,http://www.ultimateplans.com/UploadedFiles/HomePlans/151179-FPU.jpg,
1466,0,0,0,3,2 Full,2,60'0" x 39'10",Basement|Crawlspace|Slab,Main,Main,1466,131003,http://www.ultimateplans.com/UploadedFiles/HomePlans/131003-FP.gif,
1793,0,0,0,3,2 Full,2,69'10" x 51'8",Basement|Crawlspace|Slab,Main,Main,1793,131047,http://www.ultimateplans.com/UploadedFiles/HomePlans/131047-FP-E.gif,http://www.ultimateplans.com/UploadedFiles/HomePlans/131047-FPU-E.gif,
2069,0,0,0,3,2 Full+ 1 Half,2,70'0" x 58'0",Crawlspace|Slab,Main,Main,2069,171011,http://www.ultimateplans.com/UploadedFiles/HomePlans/171011-FP-E.gif,
2397,0,0,0,3,2 Full,3,78'8" x 50'6",Walk-out,Main,Main,2397,321037,http://www.ultimateplans.com/UploadedFiles/HomePlans/321037-FP-E.gif,
1257,558,0,0,3,2 Full+ 1 Half,2,47'0" x 52'0",Crawlspace|Slab,Main,,1815,171014,http://www.ultimateplans.com/UploadedFiles/HomePlans/171014-FP-E.gif,http://www.ultimateplans.com/UploadedFiles/HomePlans/171014-FPU-E.gif,
2256,0,0,0,3,2 Full,2,72'0" x 52'0",Crawlspace|Slab,Main,Main,2256,171004,http://www.ultimateplans.com/UploadedFiles/HomePlans/171004-FP-E.gif,
2172,0,0,0,4,2 Full,2,62'0" x 76'0",Crawlspace|Slab,Main,Main,2172,191009,http://www.ultimateplans.com/UploadedFiles/HomePlans/191009-FP-E.gif,
864,0,0,0,2,1 Full,0,33'0" x 36'0",Crawlspace|Slab,Main,,864,191030,http://www.ultimateplans.com/UploadedFiles/HomePlans/191030-FP-E.gif,
1212,620,0,0,3,2 Full,0,38'0" x 40'0",Basement|Crawlspace|Slab|Walk-out,Main,Main,1832,181133,http://www.ultimateplans.com/UploadedFiles/HomePlans/181133-FP-E.gif,http://www.ultimateplans.com/UploadedFiles/HomePlans/181133-FPU-E.gif,
2951,0,0,0,4,3 Full,3,73'6" x 80'6",Basement|Crawlspace|Slab|Walk-out,Main,Main,2951,151057,http://www.ultimateplans.com/UploadedFiles/HomePlans/151057-FP-E.gif,
1134,570,0,0,3,2 Full+ 1 Half,0,42'0" x 45'0",Basement|Crawlspace|Slab|Walk-out,Main,Main,1704,131041,http://www.ultimateplans.com/UploadedFiles/HomePlans/131041-FP-E.gif,http://www.ultimateplans.com/UploadedFiles/HomePlans/131041-FPU-E.gif,
1800,0,0,0,3,2 Full,2,66'0" x 60'0",Basement|Crawlspace|Slab,Main,,1800,211037,http://www.ultimateplans.com/UploadedFiles/HomePlans/211037-FP-E.gif,
1228,1191,0,0,4,2 Full+ 1 Half,2,64'0" x 31'0",Basement,Main,,2419,261005,http://www.ultimateplans.com/UploadedFiles/HomePlans/261005-FP-E.gif,http://www.ultimateplans.com/UploadedFiles/HomePlans/261005-FPU-E.gif,
1550,0,0,0,3,2 Full,2,50'9" x 42'1",Crawlspace|Slab,Main,Main,1550,251004,http://www.ultimateplans.com/UploadedFiles/HomePlans/251004-FP-E.gif,
2146,728,0,0,4,3 Full,3,72'8" x 47'0",Basement|Crawlspace|Slab,Upper,Main,2874,131050,http://www.ultimateplans.com/UploadedFiles/HomePlans/131050-FP-E.gif,http://www.ultimateplans.com/UploadedFiles/HomePlans/131050-FPU.jpg,
1918,1115,0,0,4,3 Full+ 1 Half,2,68'0" x 46'0",Crawlspace|Slab|Walk-out,Main,Main,3033,241013,http://www.ultimateplans.com/UploadedFiles/HomePlans/241013-FP-E.gif,http://www.ultimateplans.com/UploadedFiles/HomePlans/241013-FPU-E.gif,
2808,0,0,0,3,2 Full+ 1 Half,3,91'8" x 62'4",Basement,Main,Main,2808,321004,http://www.ultimateplans.com/UploadedFiles/HomePlans/321004-FP-E.gif,
2553,1260,0,0,4,3 Full+ 1 Half,2,82'10" x 54'0",Crawlspace|Slab,Main,,3813,201126,http://www.ultimateplans.com/UploadedFiles/HomePlans/201126-FP-E.gif,http://www.ultimateplans.com/UploadedFiles/HomePlans/201126-FPU-E.gif,
1986,986,0,0,4,3 Full+ 1 Half,3,55'8" x 49'2",Basement|Crawlspace|Slab,Main,Main,2972,101020,http://www.ultimateplans.com/UploadedFiles/HomePlans/101020-FP-E.gif,http://www.ultimateplans.com/UploadedFiles/HomePlans/101020-FPU-E.gif,
1719,1688,0,0,4,2 Full+ 1 Half,3,62'0" x 55'4",Basement|Crawlspace,Upper,Main,3407,121065,http://www.ultimateplans.com/UploadedFiles/HomePlans/121065-FP-E.gif,http://www.ultimateplans.com/UploadedFiles/HomePlans/121065-FPU-E.gif,
1720,525,0,0,3,2 Full+ 1 Half,2,68'0" x 57'6",Basement|Crawlspace|Slab,Main,Main,2245,131046,http://www.ultimateplans.com/UploadedFiles/HomePlans/131046-FP-E.gif,http://www.ultimateplans.com/UploadedFiles/HomePlans/131046-FPU-E.gif,
1314,0,0,0,3,2 Full,2,50'0" x 54'0",Basement,Main,,1314,281011,http://www.ultimateplans.com/UploadedFiles/HomePlans/281011-FP-E.gif,
1277,0,0,0,3,2 Full,0,44'0" x 41'0",Crawlspace|Slab,Main,,1277,171001,http://www.ultimateplans.com/UploadedFiles/HomePlans/171001-FP.jpg,
2029,0,0,0,4,2 Full,2,61'0" x 51'0",Basement|Crawlspace|Slab,Main,Main,2029,321030,http://www.ultimateplans.com/UploadedFiles/HomePlans/321030-FP-E.gif,
1040,0,0,0,4,2 Full+ 1 Half,0,40'0" x 32'0",Basement|Crawlspace|Slab|Walk-out,Main,Main,1040,131034,http://www.ultimateplans.com/UploadedFiles/HomePlans/131034-FP.jpg,http://www.ultimateplans.com/UploadedFiles/HomePlans/131034-FPU.jpg,
1499,956,0,0,4,3 Full,2,69'2" x 46'0",Basement|Crawlspace|Slab,Upper,Main,2455,131032,http://www.ultimateplans.com/UploadedFiles/HomePlans/131032-FP-E.gif,http://www.ultimateplans.com/UploadedFiles/HomePlans/131032-FPU-E.gif,
2251,0,0,0,3,2 Full+ 1 Half,2,73'8" x 53'2",Basement|Crawlspace|Slab,Main,Main,2251,351011,http://www.ultimateplans.com/UploadedFiles/HomePlans/351011-FP-E.gif,http://www.ultimateplans.com/UploadedFiles/HomePlans/351011-FPU-E.gif,
1191,0,0,0,3,2 Full,2,44'6" x 59'0",Basement|Crawlspace|Slab,Main,,1191,211016,http://www.ultimateplans.com/UploadedFiles/HomePlans/211016-FP-E.gif,
2968,0,0,0,4,3 Full+ 1 Half,2,76'0" x 85'0",Crawlspace|Slab,Main,Main,2968,111004,http://www.ultimateplans.com/UploadedFiles/HomePlans/111004-FP-E.gif,http://www.ultimateplans.com/UploadedFiles/HomePlans/111004-FPU.jpg,
1761,0,0,0,4,2 Full,2,57'0" x 52'2",Basement,Main,Main,1761,321008,http://www.ultimateplans.com/UploadedFiles/HomePlans/321008-FP-E.gif,
2039,0,0,0,4,3 Full,0,60'6" x 91'4",Basement|Crawlspace|Slab,Main,Main,2039,151105,http://www.ultimateplans.com/UploadedFiles/HomePlans/151105-FP-E.gif,http://www.ultimateplans.com/UploadedFiles/HomePlans/151105-FPU-E.gif,
1965,1781,0,0,4,3 Full+ 1 Half,3,77'8" x 49'0",Basement,Upper,,3746,261001,http://www.ultimateplans.com/UploadedFiles/HomePlans/261001-FP-E.gif,http://www.ultimateplans.com/UploadedFiles/HomePlans/261001-FPU-E.gif,
1301,652,0,0,3,2 Full+ 1 Half,2,58'0" x 55'0",Basement|Crawlspace|Slab,,Main,1953,181062,http://www.ultimateplans.com/UploadedFiles/HomePlans/181062-FP-E.gif,http://www.ultimateplans.com/UploadedFiles/HomePlans/181062-FPU-E.gif,
1492,0,0,0,3,2 Full,2,56'0" x 45'0",Basement|Crawlspace|Slab,Main,Main,1492,311024,http://www.ultimateplans.com/UploadedFiles/HomePlans/311024-FP.jpg,
1785,0,0,0,3,2 Full+ 1 Half,2,56'0" x 42'0",Basement|Crawlspace|Slab,Main,Main,1785,191003,http://www.ultimateplans.com/UploadedFiles/HomePlans/191003-FP-E.gif,
1595,0,0,0,3,2 Full,2,59'10" x 47'8",Basement|Crawlspace|Slab|Walk-out,Main,Main,1595,131007,http://www.ultimateplans.com/UploadedFiles/HomePlans/131007-FP-E.gif,
2093,861,0,0,4,3 Full+ 1 Half,2,58'4" x 55'2",Basement|Crawlspace|Slab,Main,Main,2954,101019,http://www.ultimateplans.com/UploadedFiles/HomePlans/101019-FP-E.gif,http://www.ultimateplans.com/UploadedFiles/HomePlans/101019-FPU-E.gif,
1525,0,0,0,3,2 Full,2,51'6" x 49'10",Basement|Crawlspace|Slab|Walk-out,Main,Main,1525,151169,http://www.ultimateplans.com/UploadedFiles/HomePlans/151169-FP-E.gif,
1291,1045,0,0,4,2 Full+ 1 Half,2,49'0" x 42'0",Basement,,,2336,321050,http://www.ultimateplans.com/UploadedFiles/HomePlans/321050-FP-E.gif,http://www.ultimateplans.com/UploadedFiles/HomePlans/321050-FPU-E.gif,
1774,850,0,0,4,2 Full+ 1 Half,2,69'8" x 46'0",Basement,,,2624,321051,http://www.ultimateplans.com/UploadedFiles/HomePlans/321051-FP-E.gif,http://www.ultimateplans.com/UploadedFiles/HomePlans/321051-FPU-E.gif,
1532,545,0,0,3,2 Full+ 1 Half,2,57'0" x 49'8",Basement|Crawlspace|Slab,Main,Main,2077,161045,http://www.ultimateplans.com/UploadedFiles/HomePlans/161045-FP-E.gif,http://www.ultimateplans.com/UploadedFiles/HomePlans/161045-FPU-E.gif,
448,448,0,0,2,1 Full+ 1 Half,0,16'0" x 28'0",Crawlspace,Upper,,896,291005,http://www.ultimateplans.com/UploadedFiles/HomePlans/291005-FP-E.gif,http://www.ultimateplans.com/UploadedFiles/HomePlans/291005-FPU-E.gif,
1792,0,0,0,3,2 Full,2,68'0" x 62'0",Basement|Crawlspace|Slab,Main,Main,1792,211002,http://www.ultimateplans.com/UploadedFiles/HomePlans/211002-FP-E.gif,
1787,0,0,0,3,2 Full,2,59'0" x 37'8",Basement|Walk-out,Main,Main,1787,321010,http://www.ultimateplans.com/UploadedFiles/HomePlans/321010-FP-E.gif,
2605,0,0,0,4,3 Full+ 1 Half,2,78'0" x 51'0",Basement|Crawlspace|Slab,,Main,2605,191017,http://www.ultimateplans.com/UploadedFiles/HomePlans/191017-FP-E.gif,
1502,0,0,0,3,2 Full,2,61'8" x 45'8",Basement|Crawlspace|Slab,Main,Main,1502,351010,http://www.ultimateplans.com/UploadedFiles/HomePlans/351010-FP-E.gif,
1731,0,0,0,3,2 Full+ 1 Half,3,74'0" x 45'0",Basement|Crawlspace,Main,,1731,281008,http://www.ultimateplans.com/UploadedFiles/HomePlans/281008-FP-E.gif,
812,786,0,0,3,2 Full+ 1 Half,2,52'0" x 28'0",Crawlspace|Slab,Upper,,1598,101014,http://www.ultimateplans.com/UploadedFiles/HomePlans/101014-FP-E.gif,
1880,0,0,0,4,2 Full,2,57'0" x 61'4",Basement|Crawlspace|Slab|Walk-out,Main,Main,1880,151068,http://www.ultimateplans.com/UploadedFiles/HomePlans/151068-FP.jpg,
1580,0,0,0,3,2 Full+ 1 Half,2,50'0" x 48'0",Basement|Crawlspace|Slab,Main,,1580,441003,http://www.ultimateplans.com/UploadedFiles/HomePlans/441003-FP-E.gif,
884,0,0,0,2,1 Full,0,34'0" x 31'0",Crawlspace,Main,,884,281010,http://www.ultimateplans.com/UploadedFiles/HomePlans/281010-FP-E.gif,
1689,534,0,0,3,2 Full+ 1 Half,2,61'4" x 56'4",Basement,Main,Main,2223,271025,http://www.ultimateplans.com/UploadedFiles/HomePlans/271025-FP-E.gif,http://www.ultimateplans.com/UploadedFiles/HomePlans/271025-FPU-E.gif,
2008,1027,0,0,4,3 Full+ 1 Half,2,66'0" x 74'0",Basement|Crawlspace|Slab,Main,Main,3035,211111,http://www.ultimateplans.com/UploadedFiles/HomePlans/211111-FP-E.gif,http://www.ultimateplans.com/UploadedFiles/HomePlans/211111-FPU-E.gif,
2452,0,0,0,4,2 Full+ 1 Half,3,70'8" x 70'0",Basement,Main,Main,2452,321019,http://www.ultimateplans.com/UploadedFiles/HomePlans/321019-FP-E.gif,
1484,1223,0,0,3,2 Full+ 1 Half,3,82'0" x 48'8",Basement,Upper,,2707,261004,http://www.ultimateplans.com/UploadedFiles/HomePlans/261004-FP-E.gif,http://www.ultimateplans.com/UploadedFiles/HomePlans/261004-FPU-E.gif,
1550,0,0,0,3,2 Full,2,63'0" x 37'0",Basement,Main,,1550,291001,http://www.ultimateplans.com/UploadedFiles/HomePlans/291001-FP-E.gif,
1057,611,0,0,3,2 Full+ 1 Half,2,40'4" x 38'0",Basement,Main,,1668,141038,http://www.ultimateplans.com/UploadedFiles/HomePlans/141038-FP-E.gif,http://www.ultimateplans.com/UploadedFiles/HomePlans/141038-FPU-E.gif,
1097,0,0,0,3,2 Full,2,59'4" x 35'8",Basement|Crawlspace|Slab|Walk-out,Main,Main,1097,131004,http://www.ultimateplans.com/UploadedFiles/HomePlans/131004-FP.gif,
1845,0,0,0,3,2 Full+ 1 Half,2,57'2" x 54'10",Crawlspace|Slab,Main,,1845,301002,http://www.ultimateplans.com/UploadedFiles/HomePlans/301002-FP-E.gif,
1268,0,0,0,3,2 Full,2,38'0" x 46'0",Basement|Slab,Main,Main,1268,321033,http://www.ultimateplans.com/UploadedFiles/HomePlans/321033-FP-E.gif,
1316,0,0,0,3,2 Full,0,43'2" x 33'6",Basement|Crawlspace|Slab,Main,,1316,341012,http://www.ultimateplans.com/UploadedFiles/HomePlans/341012-FP-E.gif,
1684,0,0,0,3,2 Full,2,55'8" x 46'4",Walk-out,Main,Main,1684,321009,http://www.ultimateplans.com/UploadedFiles/HomePlans/321009-FP-E.gif,
1672,0,0,0,3,2 Full,2,68'0" x 60'0",Basement|Crawlspace|Slab,Main,,1672,211029,http://www.ultimateplans.com/UploadedFiles/HomePlans/211029-FP-E.gif,
2131,0,0,0,3,2 Full+ 1 Half,2,63'10" x 72'2",Basement|Crawlspace|Slab|Walk-out,Main,,2131,151171,http://www.ultimateplans.com/UploadedFiles/HomePlans/151171-FP.jpg,
2691,894,0,0,4,3 Full+ 1 Half,3,85'11" x 55'7",Basement|Crawlspace|Slab,Main,Main,3585,331005,http://www.ultimateplans.com/UploadedFiles/HomePlans/331005-FP-E.gif,http://www.ultimateplans.com/UploadedFiles/HomePlans/331005-FPU-E.gif,
1812,586,0,0,4,2 Full+ 1 Half,2,70'10" x 54'6",Crawlspace|Slab,Main,,2398,301007,http://www.ultimateplans.com/UploadedFiles/HomePlans/301007-FP-E.gif,http://www.ultimateplans.com/UploadedFiles/HomePlans/301007-FPU-E.gif,
2720,0,0,0,3,2 Full,2,99'10" x 46'2",Basement|Crawlspace,Main,,2720,301001,http://www.ultimateplans.com/UploadedFiles/HomePlans/301001-FP-E.gif,
772,523,0,0,2,2 Full,0,26'0" x 30'0",Basement|Crawlspace|Slab,,Main,1295,181109,http://www.ultimateplans.com/UploadedFiles/HomePlans/181109-FP-E.gif,http://www.ultimateplans.com/UploadedFiles/HomePlans/181109-FPU-E.gif,
2150,996,0,0,4,3 Full+ 1 Half,3,81'0" x 49'10",Basement|Crawlspace|Slab,Main,Main,3146,331004,http://www.ultimateplans.com/UploadedFiles/HomePlans/331004-FP-E.gif,http://www.ultimateplans.com/UploadedFiles/HomePlans/331004-FPU-E.gif,
1379,0,0,0,3,2 Full,2,38'4" x 68'6",Crawlspace|Slab,Main,Main,1379,151010,http://www.ultimateplans.com/UploadedFiles/HomePlans/151010-FP.jpg,
2350,0,0,0,3,2 Full+ 1 Half,2,65'0" x 56'3",Slab,Main,Main,2350,241001,http://www.ultimateplans.com/UploadedFiles/HomePlans/241001-FP-E.gif,
2192,624,0,0,3,2 Full+ 2 Half,3,74'4" x 69'11",Basement|Walk-out,Main,Main,2816,161018,http://www.ultimateplans.com/UploadedFiles/HomePlans/161018-FP-E.gif,http://www.ultimateplans.com/UploadedFiles/HomePlans/161018-FPU-E.gif,
2133,0,0,0,3,2 Full,2,58'6" x 64'6",Basement|Crawlspace|Slab|Walk-out,Main,Main,2133,151034,http://www.ultimateplans.com/UploadedFiles/HomePlans/151034-FP.jpg,
1542,667,0,0,3,2 Full+ 1 Half,2,58'6" x 49'0",Basement,Main,Main,2209,161038,http://www.ultimateplans.com/UploadedFiles/HomePlans/161038-FP-E.gif,http://www.ultimateplans.com/UploadedFiles/HomePlans/161038-FPU-E.gif,
1600,0,0,0,3,2 Full,2,75'0" x 37'0",Basement|Crawlspace|Slab,Main,,1600,211030,http://www.ultimateplans.com/UploadedFiles/HomePlans/211030-FP-E.gif,
1277,378,0,0,3,3 Full,2,74'8" x 41'4",Basement,Main,,1655,291009,http://www.ultimateplans.com/UploadedFiles/HomePlans/291009-FP-E.gif,http://www.ultimateplans.com/UploadedFiles/HomePlans/291009-FPU-E.gif,
2791,0,0,0,3,2 Full,3,84'0" x 54'0",Basement|Crawlspace|Slab,Main,,2791,211011,http://www.ultimateplans.com/UploadedFiles/HomePlans/211011-FP-E.gif,
2006,822,0,0,5,3 Full+ 1 Half,2,70'6" x 55'6",Basement,,,2828,321054,http://www.ultimateplans.com/UploadedFiles/HomePlans/321054-FP-E.gif,http://www.ultimateplans.com/UploadedFiles/HomePlans/321054-FPU-E.gif,
1517,782,0,0,3,2 Full+ 1 Half,2,62'2" x 66'8",Basement|Crawlspace|Slab,Main,Main,2299,331002,http://www.ultimateplans.com/UploadedFiles/HomePlans/331002-FP-E.gif,http://www.ultimateplans.com/UploadedFiles/HomePlans/331002-FPU-E.gif,
2039,970,0,0,4,2 Full+ 1 Half,3,69'8" x 72'0",Basement|Crawlspace,,Main,3009,221025,http://www.ultimateplans.com/UploadedFiles/HomePlans/221025-FP-E.gif,http://www.ultimateplans.com/UploadedFiles/HomePlans/221025-FPU-E.gif,
1271,537,0,0,3,2 Full+ 1 Half,2,44'4" x 73'2",Basement,Main,Main,1808,251008,http://www.ultimateplans.com/UploadedFiles/HomePlans/251008-FP-E.gif,http://www.ultimateplans.com/UploadedFiles/HomePlans/251008-FPU-E.gif,
2742,0,0,0,4,2 Full+ 1 Half,2,84'6" x 58'6",Basement|Crawlspace|Slab|Walk-out,Main,Main,2742,151108,http://www.ultimateplans.com/UploadedFiles/HomePlans/151108-FP.jpg,http://www.ultimateplans.com/UploadedFiles/HomePlans/151108-FPU.jpg,
1524,558,0,0,3,2 Full+ 1 Half,2,60'0" x 50'4",Basement,Main,Main,2082,161020,http://www.ultimateplans.com/UploadedFiles/HomePlans/161020-FP-E.gif,http://www.ultimateplans.com/UploadedFiles/HomePlans/161020-FPU-E.gif,
1339,490,0,0,3,2 Full+ 1 Half,2,57'0" x 60'0",Basement,Main,Main,1829,251009,http://www.ultimateplans.com/UploadedFiles/HomePlans/251009-FP-E.gif,http://www.ultimateplans.com/UploadedFiles/HomePlans/251009-FPU-E.gif,
1203,841,0,0,3,2 Full+ 1 Half,2,56'0" x 44'5",Crawlspace|Slab,Main,Main,2044,241010,http://www.ultimateplans.com/UploadedFiles/HomePlans/241010-FP-E.gif,http://www.ultimateplans.com/UploadedFiles/HomePlans/241010-FPU-E.gif,
2575,2008,0,0,4,3 Full+ 2 Half,3,73'10" x 60'0",Basement,Upper,,4583,261006,http://www.ultimateplans.com/UploadedFiles/HomePlans/261006-FP-E.gif,http://www.ultimateplans.com/UploadedFiles/HomePlans/261006-FPU-E.gif,
1782,0,0,0,3,2 Full,2,67'2" x 47'0",Basement|Slab,Main,Main,1782,161001,http://www.ultimateplans.com/UploadedFiles/HomePlans/161001-FP-E.gif,
2726,0,0,0,4,3 Full+ 1 Half,2,78'0" x 67'0",Basement|Crawlspace|Slab,,,2726,191029,http://www.ultimateplans.com/UploadedFiles/HomePlans/191029-FP-E.gif,
1670,540,0,0,3,2 Full+ 1 Half,2,53'8" x 61'0",Basement|Crawlspace,Main,Main,2210,251014,http://www.ultimateplans.com/UploadedFiles/HomePlans/251014-FP-E.gif,http://www.ultimateplans.com/UploadedFiles/HomePlans/251014-FPU-E.gif,
1611,0,0,0,3,2 Full,2,66'4" x 43'10",Basement|Crawlspace,Main,Main,1611,161007,http://www.ultimateplans.com/UploadedFiles/HomePlans/161007-FP-E.gif,
2355,936,0,0,4,3 Full+ 1 Half,4,79'0" x 55'0",Basement,Main,Main,3291,221022,http://www.ultimateplans.com/UploadedFiles/HomePlans/221022-FP-E.gif,http://www.ultimateplans.com/UploadedFiles/HomePlans/221022-FPU-E.gif,
880,880,0,0,3,2 Full+ 1 Half,0,42'0" x 40'0",Basement|Crawlspace|Slab|Walk-out,Upper,Main,1760,181074,http://www.ultimateplans.com/UploadedFiles/HomePlans/181074-FP-E.gif,http://www.ultimateplans.com/UploadedFiles/HomePlans/181074-FPU-E.gif,
1368,0,0,0,3,2 Full,2,46'0" x 54'0",Basement|Walk-out,Main,,1368,281012,http://www.ultimateplans.com/UploadedFiles/HomePlans/281012-FP-E.gif,
2735,0,0,0,4,3 Full,2,68'10" x 67'4",Crawlspace|Slab,Main,,2735,201067,http://www.ultimateplans.com/UploadedFiles/HomePlans/201067-FP-E.gif,
1112,1070,0,0,3,3 Full+ 1 Half,2,57'0" x 48'8",Basement,,,2182,321052,http://www.ultimateplans.com/UploadedFiles/HomePlans/321052-FP-E.gif,http://www.ultimateplans.com/UploadedFiles/HomePlans/321052-FPU-E.gif,
2485,0,0,0,3,2 Full+ 1 Half,2,84'0" x 55'8",Basement|Crawlspace,Main,,2485,301003,http://www.ultimateplans.com/UploadedFiles/HomePlans/301003-FP.jpg,
1792,0,0,0,3,2 Full,2,56'0" x 32'0",Basement,Main,Main,1792,391019,http://www.ultimateplans.com/UploadedFiles/HomePlans/391019-FP.jpg,
1098,1064,0,0,3,2 Full+ 1 Half,2,60'0" x 32'0",Basement|Crawlspace|Slab,Upper,,2162,301006,http://www.ultimateplans.com/UploadedFiles/HomePlans/301006-FP.jpg,http://www.ultimateplans.com/UploadedFiles/HomePlans/301006-FPU-E.gif,
1182,716,0,0,4,2 Full+ 1 Half,2,58'0" x 44'0",Basement,Upper,,1898,291012,http://www.ultimateplans.com/UploadedFiles/HomePlans/291012-FP-E.gif,http://www.ultimateplans.com/UploadedFiles/HomePlans/291012-FPU-E.gif,
1407,0,0,0,3,2 Full,2,64'0" x 39'4",Basement|Crawlspace|Walk-out,Main,,1407,281013,http://www.ultimateplans.com/UploadedFiles/HomePlans/281013-FP.gif,
1595,725,0,0,4,2 Full+ 1 Half,2,61'0" x 41'8",Basement|Crawlspace,Main,Main,2320,161039,http://www.ultimateplans.com/UploadedFiles/HomePlans/161039-FP-E.gif,http://www.ultimateplans.com/UploadedFiles/HomePlans/161039-FPU-E.gif,
1748,528,0,0,4,3 Full,2,56'0" x 58'0",Crawlspace|Slab,Main,,2276,171005,http://www.ultimateplans.com/UploadedFiles/HomePlans/171005-FP-E.gif,http://www.ultimateplans.com/UploadedFiles/HomePlans/171005-FPU-E.gif,
2551,0,0,0,4,2 Full+ 1 Half,2,70'10" x 59'5",Crawlspace|Slab,Main,,2551,201062,http://www.ultimateplans.com/UploadedFiles/HomePlans/201062-FP-E.gif,
2344,0,0,0,3,2 Full,2,78'8" x 56'4",Basement|Crawlspace|Slab,Main,,2344,301004,http://www.ultimateplans.com/UploadedFiles/HomePlans/301004-FP-E.gif,
864,498,0,0,3,2 Full,0,35'0" x 40'0",Basement,Upper,,1362,281005,http://www.ultimateplans.com/UploadedFiles/HomePlans/281005-FP-E.gif,http://www.ultimateplans.com/UploadedFiles/HomePlans/281005-FPU-E.gif,
1423,0,0,0,3,2 Full,2,46'0" x 52'0",Basement|Walk-out,Main,,1423,281009,http://www.ultimateplans.com/UploadedFiles/HomePlans/281009-FP-E.gif,
1595,0,0,0,3,2 Full,2,70'0" x 37'4",Basement|Crawlspace|Slab,Main,Main,1595,131005,http://www.ultimateplans.com/UploadedFiles/HomePlans/131005-FP-E.gif,
3439,803,0,0,4,4 Full+ 3 Half,2,95'0" x 90'0",Basement|Crawlspace|Slab,Main,Main,4242,211076,http://www.ultimateplans.com/UploadedFiles/HomePlans/211076-FP-E.gif,http://www.ultimateplans.com/UploadedFiles/HomePlans/211076-FPU-E.gif,
1380,1083,0,0,4,2 Full+ 1 Half,2,60'0" x 44'0",Basement,Upper,Main,2463,271027,http://www.ultimateplans.com/UploadedFiles/HomePlans/271027-FP-E.gif,http://www.ultimateplans.com/UploadedFiles/HomePlans/271027-FPU-E.gif,
2054,1281,0,0,4,3 Full+ 1 Half,4,82'0" x 60'8",Basement|Slab,Main,Main,3335,121049,http://www.ultimateplans.com/UploadedFiles/HomePlans/121049-FP-E.gif,http://www.ultimateplans.com/UploadedFiles/HomePlans/121049-FPU-E.gif,
2669,0,0,0,4,3 Full+ 1 Half,2,80'0" x 63'0",Basement|Crawlspace|Slab,,,2669,191028,http://www.ultimateplans.com/UploadedFiles/HomePlans/191028-FP-E.gif,
2564,0,0,0,3,2 Full+ 1 Half,2,72'0" x 66'0",Basement|Crawlspace|Slab|Walk-out,Main,Main,2564,101013,http://www.ultimateplans.com/UploadedFiles/HomePlans/101013-FP-E.gif,
1375,570,0,0,3,2 Full+ 1 Half,2,65'8" x 43'10",Basement|Crawlspace|Slab,Main,Main,1945,131043,http://www.ultimateplans.com/UploadedFiles/HomePlans/131043-FP-E.gif,http://www.ultimateplans.com/UploadedFiles/HomePlans/131043-FPU-E.gif,
1506,0,0,0,3,2 Full,2,48'0" x 58'0",Basement|Crawlspace,Main,Main,1506,281022,http://www.ultimateplans.com/UploadedFiles/HomePlans/281022-FP-E.gif,
1382,0,0,0,3,2 Full,2,41'10" x 48'10",Basement|Crawlspace|Slab|Walk-out,Main,Main,1382,151059,http://www.ultimateplans.com/UploadedFiles/HomePlans/151059-FP-corrected.jpg,
1771,0,0,0,3,2 Full,2,68'0" x 50'0",Crawlspace|Slab,Main,Main,1771,171009,http://www.ultimateplans.com/UploadedFiles/HomePlans/171009-FP-E.gif,
1785,0,0,0,3,3 Full+ 1 Half,0,56'0" x 42'0",Crawlspace|Slab,Main,Main,1785,191023,http://www.ultimateplans.com/UploadedFiles/HomePlans/191023-FP-E.gif,
1716,1300,0,0,6,4 Full+ 1 Half,2,60'0" x 47'8",Crawlspace|Slab,,Main,3016,181079,http://www.ultimateplans.com/UploadedFiles/HomePlans/181079-FP-E.gif,http://www.ultimateplans.com/UploadedFiles/HomePlans/181079-FPU-E.gif,
1393,0,0,0,3,2 Full,2,42'0" x 42'0",Crawlspace|Slab,Main,Main,1393,251003,http://www.ultimateplans.com/UploadedFiles/HomePlans/251003-FP-E.gif,
2900,0,0,0,4,2 Full+ 1 Half,3,78'4" x 68'6",Basement|Walk-out,Main,Main,2900,321036,http://www.ultimateplans.com/UploadedFiles/HomePlans/321036-FP-E.gif,
1156,690,0,0,3,2 Full+ 1 Half,2,57'0" x 45'0",Basement|Crawlspace|Slab,Main,,1846,331001,http://www.ultimateplans.com/UploadedFiles/HomePlans/331001-FP-E.gif,http://www.ultimateplans.com/UploadedFiles/HomePlans/331001-FPU-E.gif,
2373,0,0,0,4,3 Full,2,76'10" x 53'4",Basement|Crawlspace|Slab|Walk-out,Main,,2373,151172,http://www.ultimateplans.com/UploadedFiles/HomePlans/151172-FP-E.gif,http://www.ultimateplans.com/UploadedFiles/HomePlans/151172-FPU.jpg,
2056,0,0,0,3,2 Full,2,66'10" x 54'5",Crawlspace|Slab,Main,,2056,201084,http://www.ultimateplans.com/UploadedFiles/HomePlans/201084-FP-E.gif,
2091,0,0,0,3,2 Full,2,80'4" x 52'0",Crawlspace|Slab,Main,Main,2091,191032,http://www.ultimateplans.com/UploadedFiles/HomePlans/191032-FP-E.gif,
3182,1190,0,0,3,3 Full+ 2 Half,3,102'0" x 54'0",Basement,Main,,4372,291014,http://www.ultimateplans.com/UploadedFiles/HomePlans/291014-FP-E.gif,http://www.ultimateplans.com/UploadedFiles/HomePlans/291014-FPU-E.gif,
1965,0,0,0,4,2 Full,2,57'0" x 64'4",Basement|Crawlspace|Slab|Walk-out,Main,Main,1965,151170,http://www.ultimateplans.com/UploadedFiles/HomePlans/151170-FP.jpg,http://www.ultimateplans.com/UploadedFiles/HomePlans/151170-FPU.jpg,
2000,0,0,0,3,2 Full,2,68'0" x 64'0",Crawlspace|Slab,Main,,2000,211005,http://www.ultimateplans.com/UploadedFiles/HomePlans/211005-FP-E.gif,
1009,976,0,0,3,2 Full+ 1 Half,0,31'2" x 42'0",Crawlspace,Upper,Upper,1985,101016,http://www.ultimateplans.com/UploadedFiles/HomePlans/101016-FP.gif,http://www.ultimateplans.com/UploadedFiles/HomePlans/101016-FPU-E.gif,
1458,0,0,0,3,2 Full,0,67'0" x 40'0",Crawlspace|Slab,Main,,1458,171002,http://www.ultimateplans.com/UploadedFiles/HomePlans/171002-FP-E.gif,
934,1108,0,0,4,2 Full+ 1 Half,2,44'8" x 36'0",Basement|Crawlspace|Slab,Upper,Main,2042,181080,http://www.ultimateplans.com/UploadedFiles/HomePlans/181080-FP-E.gif,http://www.ultimateplans.com/UploadedFiles/HomePlans/181080-FPU-E.gif,
1931,1580,0,0,4,3 Full+ 1 Half,3,90'3" x 65'8",Basement,,,3511,221023,http://www.ultimateplans.com/UploadedFiles/HomePlans/221023-FP-E.gif,http://www.ultimateplans.com/UploadedFiles/HomePlans/221023-FPU-E.gif,
868,830,0,0,3,2 Full+ 1 Half,2,54'4" x 26'8",Basement|Crawlspace,Main,Main,1698,161024,http://www.ultimateplans.com/UploadedFiles/HomePlans/161024-FP-E.gif,http://www.ultimateplans.com/UploadedFiles/HomePlans/161024-FPU-E.gif,
2186,0,0,0,4,3 Full,0,62'10" x 91'4",Basement|Crawlspace|Slab|Walk-out,Main,Main,2186,151113,http://www.ultimateplans.com/UploadedFiles/HomePlans/151113-FP-E.gif,http://www.ultimateplans.com/UploadedFiles/HomePlans/151113-FPU-E.gif,
1248,0,0,0,3,2 Full,0,40'0" x 32'0",Basement|Crawlspace|Slab,Main,,1248,341028,http://www.ultimateplans.com/UploadedFiles/HomePlans/341028-FP-E.gif,
1830,1723,0,0,4,2 Full+ 1 Half,3,72'0" x 75'0",Basement,Upper,,3553,291013,http://www.ultimateplans.com/UploadedFiles/HomePlans/291013-FP-E.gif,http://www.ultimateplans.com/UploadedFiles/HomePlans/291013-FPU-E.gif,
982,615,0,0,4,2 Full+ 1 Half,2,41'0" x 35'0",Basement,Main,Main,1597,251007,http://www.ultimateplans.com/UploadedFiles/HomePlans/251007-FP-E.gif,http://www.ultimateplans.com/UploadedFiles/HomePlans/251007-FPU-E.gif,
1136,464,0,0,3,2 Full,2,58'0" x 42'0",Basement|Crawlspace|Slab,Main,Main,1600,211069,http://www.ultimateplans.com/UploadedFiles/HomePlans/211069-FP-E.gif,http://www.ultimateplans.com/UploadedFiles/HomePlans/211069-FPU-E.gif,
2408,0,0,1100,4,3 Full,2,75'8" x 52'6",Basement|Walk-out,Main,Main,3508,321034,http://www.ultimateplans.com/UploadedFiles/HomePlans/321034-FP-E.gif,
1615,0,0,0,3,2 Full,2,72'4" x 32'4",Basement|Crawlspace|Slab|Walk-out,Main,Main,1615,131001,http://www.ultimateplans.com/UploadedFiles/HomePlans/131001-FP-E.gif,
1384,0,0,0,2,2 Full,1,55'8" x 46'0",Walk-out,Main,Main,1384,321035,http://www.ultimateplans.com/UploadedFiles/HomePlans/321035-FP-E.gif,
1441,632,0,0,4,2 Full+ 1 Half,2,59'0" x 44'2",Basement|Slab,Main,Main,2073,251013,http://www.ultimateplans.com/UploadedFiles/HomePlans/251013-FP-E.gif,http://www.ultimateplans.com/UploadedFiles/HomePlans/251013-FPU-E.gif,
2406,349,0,0,3,4 Full+ 1 Half,3,69'0" x 69'10",Basement|Crawlspace|Slab|Walk-out,Main,Main,2755,151018,http://www.ultimateplans.com/UploadedFiles/HomePlans/151018-FP-E.gif,http://www.ultimateplans.com/UploadedFiles/HomePlans/151018-FPU-E.gif,
2624,0,0,0,4,3 Full,2,66'4" x 64'0",Basement|Crawlspace|Slab,Main,Main,2624,151144,http://www.ultimateplans.com/UploadedFiles/HomePlans/151144-FP-E.gif,http://www.ultimateplans.com/UploadedFiles/HomePlans/151144-FPU-E.gif,
1480,494,0,0,3,2 Full+ 1 Half,2,62'9" x 38'6",Slab,Main,Main,1974,241009,http://www.ultimateplans.com/UploadedFiles/HomePlans/241009-FP-E.gif,http://www.ultimateplans.com/UploadedFiles/HomePlans/241009-FPU-E.gif,
1297,1390,0,0,3,2 Full+ 1 Half,2,60'0" x 44'0",Basement|Crawlspace|Slab,Upper,Main,2687,181034,http://www.ultimateplans.com/UploadedFiles/HomePlans/181034-FP-E.gif,http://www.ultimateplans.com/UploadedFiles/HomePlans/181034-FPU-E.gif,
840,0,0,0,1,1 Full,0,33'0" x 31'0",Crawlspace|Slab|Walk-out,Main,Main,840,181145,http://www.ultimateplans.com/UploadedFiles/HomePlans/181145-FP-E.gif,
1388,1035,0,0,3,2 Full+ 1 Half,2,54'0" x 47'0",Basement,Upper,,2423,281001,http://www.ultimateplans.com/UploadedFiles/HomePlans/281001-FP-E.gif,http://www.ultimateplans.com/UploadedFiles/HomePlans/281001-FPU-E.gif,
1915,823,0,0,4,3 Full+ 1 Half,2,63'4" x 48'0",Basement,Main,Main,2738,161025,http://www.ultimateplans.com/UploadedFiles/HomePlans/161025-FP-E.gif,http://www.ultimateplans.com/UploadedFiles/HomePlans/161025-FPU-E.gif,
1652,0,0,0,3,2 Full,2,72'0" x 40'0",Crawlspace|Slab,Main,,1652,171008,http://www.ultimateplans.com/UploadedFiles/HomePlans/171008-FP.jpg,
1800,0,0,0,3,2 Full,2,80'0" x 40'0",Basement|Crawlspace|Slab,Main,,1800,211036,http://www.ultimateplans.com/UploadedFiles/HomePlans/211036-FP-E.gif,
1606,747,0,0,4,2 Full+ 1 Half,2,56'0" x 53'2",Basement|Crawlspace|Slab,,Main,2353,181053,http://www.ultimateplans.com/UploadedFiles/HomePlans/181053-FP-E.gif,http://www.ultimateplans.com/UploadedFiles/HomePlans/181053-FPU-E.gif,
1086,340,0,0,3,2 Full,0,36'0" x 50'0",Basement,Main,,1426,281004,http://www.ultimateplans.com/UploadedFiles/HomePlans/281004-FP-E.gif,http://www.ultimateplans.com/UploadedFiles/HomePlans/281004-FPU-E.gif,
2189,0,0,0,3,2 Full+ 1 Half,2,62'0" x 44'0",Crawlspace|Slab,,Main,2189,191010,http://www.ultimateplans.com/UploadedFiles/HomePlans/191010-FP-E.gif,
1097,553,0,0,3,2 Full,2,62'0" x 44'0",Crawlspace|Slab,Main,,1650,171007,http://www.ultimateplans.com/UploadedFiles/HomePlans/171007-FP-E.gif,
1642,0,0,0,3,2 Full,2,59'0" x 44'0",Basement|Crawlspace|Slab,Main,,1642,391038,http://www.ultimateplans.com/UploadedFiles/HomePlans/391038-FP.jpg,
1719,534,0,0,4,3 Full,2,57'0" x 51'0",Basement|Crawlspace|Slab,Main,Main,2253,101017,http://www.ultimateplans.com/UploadedFiles/HomePlans/101017-FP-E.gif,http://www.ultimateplans.com/UploadedFiles/HomePlans/101017-FPU-E.gif,
1238,464,0,0,3,2 Full,2,26'0" x 48'0",Basement,Upper,,1702,281006,http://www.ultimateplans.com/UploadedFiles/HomePlans/281006-FP-E.gif,http://www.ultimateplans.com/UploadedFiles/HomePlans/281006-FPU-E.gif,
1911,579,0,0,4,3 Full,2,57'10" x 56'10",Crawlspace|Slab,Main,,2490,201103,http://www.ultimateplans.com/UploadedFiles/HomePlans/201103-FP.gif,http://www.ultimateplans.com/UploadedFiles/HomePlans/201103-FPU.gif,
802,773,0,0,3,2 Full+ 1 Half,2,36'0" x 46'8",Basement,,,1575,321060,http://www.ultimateplans.com/UploadedFiles/HomePlans/321060-FP-E.gif,http://www.ultimateplans.com/UploadedFiles/HomePlans/321060-FPU-E.gif,
1746,0,0,0,3,2 Full,2,67'0" x 54'10",Basement|Crawlspace|Slab,Main,Main,1746,151054,http://www.ultimateplans.com/UploadedFiles/HomePlans/151054-FP-E.gif,
1044,892,0,0,3,2 Full+ 1 Half,2,58'0" x 43'6",Basement|Crawlspace|Slab,,Main,1936,181101,http://www.ultimateplans.com/UploadedFiles/HomePlans/181101-FP-E.gif,http://www.ultimateplans.com/UploadedFiles/HomePlans/181101-FPU-E.gif,
1994,0,0,0,4,2 Full,2,57'6" x 42'4",Basement|Crawlspace|Slab,Main,Main,1994,131044,http://www.ultimateplans.com/UploadedFiles/HomePlans/131044-FP-E.gif,http://www.ultimateplans.com/UploadedFiles/HomePlans/131044-FPU-E.gif,
1418,0,0,0,3,2 Full,2,61'0" x 44'0",Crawlspace|Slab,Main,,1418,211024,http://www.ultimateplans.com/UploadedFiles/HomePlans/211024-FP-E.gif,
2000,660,0,0,4,3 Full,2,68'8" x 75'0",Basement|Crawlspace|Slab,Main,Main,2660,331003,http://www.ultimateplans.com/UploadedFiles/HomePlans/331003-FP-E.gif,http://www.ultimateplans.com/UploadedFiles/HomePlans/331003-FPU-E.gif,
1873,0,0,0,4,2 Full,2,72'10" x 54'5",Crawlspace|Slab,Main,,1873,201089,http://www.ultimateplans.com/UploadedFiles/HomePlans/201089-FP-E.gif,
1371,894,0,0,4,3 Full+ 1 Half,2,58'0" x 58'4",Basement|Crawlspace|Slab,,Main,2265,181102,http://www.ultimateplans.com/UploadedFiles/HomePlans/181102-FP-E.gif,http://www.ultimateplans.com/UploadedFiles/HomePlans/181102-FPU-E.gif,
1700,0,0,0,3,2 Full,0,50'0" x 42'0",Basement|Crawlspace|Slab,Main,Main,1700,191024,http://www.ultimateplans.com/UploadedFiles/HomePlans/191024-FP-E.gif,
1800,0,0,0,3,2 Full,2,66'0" x 60'0",Crawlspace|Slab,Main,,1800,211042,http://www.ultimateplans.com/UploadedFiles/HomePlans/211042-FP-E.gif,
2098,0,0,0,3,3 Full,2,69'0" x 64'0",Crawlspace|Slab,Main,,2098,171003,http://www.ultimateplans.com/UploadedFiles/HomePlans/171003-FP-E.gif,
951,573,0,0,3,2 Full+ 1 Half,2,38'0" x 39'4",Basement,,,1524,321057,http://www.ultimateplans.com/UploadedFiles/HomePlans/321057-FP-E.gif,http://www.ultimateplans.com/UploadedFiles/HomePlans/321057-FPU-E.gif,
670,536,0,0,3,1 Full+ 2 Half,1,37'0" x 31'0",Basement,Upper,Main,1206,281007,http://www.ultimateplans.com/UploadedFiles/HomePlans/281007-FP-E.gif,http://www.ultimateplans.com/UploadedFiles/HomePlans/281007-FPU-E.gif,
1538,0,0,0,3,2 Full,2,50'0" x 56'0",Basement|Crawlspace|Slab,Main,Main,1538,151037,http://www.ultimateplans.com/UploadedFiles/HomePlans/151037-FP.gif,
1450,1274,0,0,4,3 Full,3,61'0" x 38'4",Basement,Upper,,2724,261008,http://www.ultimateplans.com/UploadedFiles/HomePlans/261008-FP-E.gif,http://www.ultimateplans.com/UploadedFiles/HomePlans/261008-FPU-E.gif,
1252,1118,0,0,4,2 Full+ 1 Half,2,71'0" x 35'0",Basement,Upper,,2370,281003,http://www.ultimateplans.com/UploadedFiles/HomePlans/281003-FP-E.gif,http://www.ultimateplans.com/UploadedFiles/HomePlans/281003-FPU-E.gif,
2000,0,0,0,3,2 Full+ 1 Half,2,69'0" x 59'10",Crawlspace|Slab,Main,Main,2000,351105,http://www.ultimateplans.com/UploadedFiles/HomePlans/351105-FP.gif,http://www.ultimateplans.com/UploadedFiles/HomePlans/351105-FPU.gif,
96,896,0,0,2,1 Full+ 1 Half,1,28'0" x 32'0",Crawlspace|Slab,,Main,992,181114,http://www.ultimateplans.com/UploadedFiles/HomePlans/181114-FP-E.gif,
1982,0,0,0,3,2 Full+ 1 Half,3,63'0" x 58'0",Basement|Crawlspace|Slab|Walk-out,Main,Main,1982,101006,http://www.ultimateplans.com/UploadedFiles/HomePlans/101006-FP-E.gif,
1890,0,0,0,3,2 Full,2,42'4" x 73'4",Basement|Crawlspace,Main,,1890,291003,http://www.ultimateplans.com/UploadedFiles/HomePlans/291003-FP-E.gif,
1113,970,0,0,3,2 Full+ 1 Half,2,74'0" x 41'6",Basement|Crawlspace|Slab,Upper,,2083,391007,http://www.ultimateplans.com/UploadedFiles/HomePlans/391007-FP.jpg,http://www.ultimateplans.com/UploadedFiles/HomePlans/391007-FPU.jpg,
1347,690,0,0,4,2 Full,2,55'0" x 41'0",Basement|Crawlspace|Slab,Main,Main,2037,181063,http://www.ultimateplans.com/UploadedFiles/HomePlans/181063-FP-E.gif,http://www.ultimateplans.com/UploadedFiles/HomePlans/181063-FPU-E.gif,
2387,0,0,0,4,2 Full+ 1 Half,2,64'10" x 54'10",Crawlspace|Slab,Main,,2387,201061,http://www.ultimateplans.com/UploadedFiles/HomePlans/201061-FP-E.gif,
2052,0,0,0,3,2 Full,2,50'0" x 68'0",Crawlspace|Slab,Main,,2052,191025,http://www.ultimateplans.com/UploadedFiles/HomePlans/191025-FP.jpg,
1490,436,0,0,3,2 Full+ 1 Half,2,55'8" x 45'0",Basement|Crawlspace,Main,Main,1926,271030,http://www.ultimateplans.com/UploadedFiles/HomePlans/271030-FP-E.gif,http://www.ultimateplans.com/UploadedFiles/HomePlans/271030-FPU-E.gif,
1569,1405,0,0,4,2 Full+ 1 Half,3,61'8" x 58'4",Basement,Upper,,2974,261003,http://www.ultimateplans.com/UploadedFiles/HomePlans/261003-FP-E.gif,http://www.ultimateplans.com/UploadedFiles/HomePlans/261003-FPU-E.gif,
2529,0,0,0,3,2 Full+ 1 Half,3,77'4" x 54'8",Basement,Main,,2529,291004,http://www.ultimateplans.com/UploadedFiles/HomePlans/291004-FP-E.gif,
1182,716,0,0,4,2 Full+ 1 Half,2,68'6" x 33'0",Basement,Main,,1898,291011,http://www.ultimateplans.com/UploadedFiles/HomePlans/291011-FP-E.gif,http://www.ultimateplans.com/UploadedFiles/HomePlans/291011-FPU-E.gif,
1182,594,0,0,3,2 Full+ 1 Half,2,68'6" x 33'0",Basement,Main,,1776,291010,http://www.ultimateplans.com/UploadedFiles/HomePlans/291010-FP-E.gif,http://www.ultimateplans.com/UploadedFiles/HomePlans/291010-FPU-E.gif,
1828,0,0,0,4,2 Full,2,64'0" x 62'0",Basement|Crawlspace|Slab,Main,,1828,211004,http://www.ultimateplans.com/UploadedFiles/HomePlans/211004-FP-E.gif,
1636,0,0,0,3,2 Full,2,53'0" x 59'10",Basement|Crawlspace|Slab|Walk-out,Main,Main,1636,151043,http://www.ultimateplans.com/UploadedFiles/HomePlans/151043-FP.jpg,
3124,0,0,0,4,3 Full+ 1 Half,3,70'0" x 88'2",Basement|Crawlspace|Slab,Main,Main,3124,151001,http://www.ultimateplans.com/UploadedFiles/HomePlans/151001-FP-E.gif,
2169,898,0,0,4,3 Full+ 1 Half,3,64'0" x 60'8",Basement,Main,Main,3067,121076,http://www.ultimateplans.com/UploadedFiles/HomePlans/121076-FP-E.gif,http://www.ultimateplans.com/UploadedFiles/HomePlans/121076-FPU-E.gif,
1067,346,0,1045,3,3 Full,2,34'0" x 34'0",Basement,Upper,,2458,271053,http://www.ultimateplans.com/UploadedFiles/HomePlans/271053-FP-E.gif,http://www.ultimateplans.com/UploadedFiles/HomePlans/271053-FPU-E.gif,
1450,1274,0,0,4,3 Full,3,61'0" x 38'4",Basement,Upper,,2724,261010,http://www.ultimateplans.com/UploadedFiles/HomePlans/261010-FP-E.gif,http://www.ultimateplans.com/UploadedFiles/HomePlans/261010-FPU-E.gif,
2388,1660,0,0,5,4 Full+ 1 Half,3,90'0" x 46'0",Basement,Upper,,4048,261009,http://www.ultimateplans.com/UploadedFiles/HomePlans/261009-FP-E.gif,http://www.ultimateplans.com/UploadedFiles/HomePlans/261009-FPU-E.gif,
1845,1131,0,0,4,2 Full+ 1 Half,3,83'8" x 43'0",Basement,Upper,,2976,261002,http://www.ultimateplans.com/UploadedFiles/HomePlans/261002-FP-E.gif,http://www.ultimateplans.com/UploadedFiles/HomePlans/261002-FPU-E.gif,
1751,0,0,0,4,2 Full,2,77'0" x 32'0",Crawlspace|Slab,Main,,1751,211032,http://www.ultimateplans.com/UploadedFiles/HomePlans/211032-FP-E.gif,
1987,0,0,0,4,3 Full,2,67'10" x 49'10",Crawlspace|Slab,Main,,1987,201054,http://www.ultimateplans.com/UploadedFiles/HomePlans/201054-FP-E.gif,
1959,0,0,0,3,2 Full,2,65'10" x 51'10",Crawlspace|Slab,Main,,1959,201053,http://www.ultimateplans.com/UploadedFiles/HomePlans/201053-FP-E.gif,
1280,735,0,0,3,2 Full+ 1 Half,0,32'0" x 40'0",Basement|Crawlspace|Slab,Main,Main,2015,391001,http://www.ultimateplans.com/UploadedFiles/HomePlans/391001-FP.jpg,http://www.ultimateplans.com/UploadedFiles/HomePlans/391001-FPU.jpg,
1654,0,0,0,3,2 Full,2,64'0" x 39'0",Basement|Crawlspace|Slab,Main,Main,1654,351033,http://www.ultimateplans.com/UploadedFiles/HomePlans/351033-FP-E.gif,
1892,0,0,0,3,2 Full+ 1 Half,0,65'4" x 45'10",Basement|Crawlspace|Slab,,,1892,131035,http://www.ultimateplans.com/UploadedFiles/HomePlans/131035-FP-E.gif,http://www.ultimateplans.com/UploadedFiles/HomePlans/131035-FPU-E.gif,
1452,0,0,0,4,2 Full,0,30'0" x 51'0",Basement,Main,Main,1452,321038,http://www.ultimateplans.com/UploadedFiles/HomePlans/321038-FP-E.gif,
1800,803,0,0,4,3 Full+ 1 Half,3,62'0" x 60'8",Basement|Slab,Main,Main,2603,121093,http://www.ultimateplans.com/UploadedFiles/HomePlans/121093-FP-E.gif,http://www.ultimateplans.com/UploadedFiles/HomePlans/121093-FPU-E.gif,
1314,458,0,0,3,2 Full+ 1 Half,2,52'0" x 51'4",Basement|Crawlspace|Slab,Main,Main,1772,121031,http://www.ultimateplans.com/UploadedFiles/HomePlans/121031-FP.jpg,http://www.ultimateplans.com/UploadedFiles/HomePlans/121031-FPU-E.gif,
960,808,0,0,3,2 Full+ 1 Half,2,55'4" x 40'4",Walk-out,Upper,Main,1768,161015,http://www.ultimateplans.com/UploadedFiles/HomePlans/161015-FP-E.gif,http://www.ultimateplans.com/UploadedFiles/HomePlans/161015-FPU-E.gif,
1168,1100,0,0,3,2 Full+ 1 Half,2,69'6" x 31'0",Basement|Crawlspace|Slab|Walk-out,Upper,Main,2268,151100,http://www.ultimateplans.com/UploadedFiles/HomePlans/151100-FP-E.gif,http://www.ultimateplans.com/UploadedFiles/HomePlans/151100-FPU-E.gif,
1517,431,0,0,4,3 Full,2,42'0" x 54'0",Basement|Crawlspace|Slab,Main,Main,1948,121085,http://www.ultimateplans.com/UploadedFiles/HomePlans/121085-FP-E.gif,http://www.ultimateplans.com/UploadedFiles/HomePlans/121085-FPU-E.gif,
796,0,0,118,2,1 Full,2,28'0" x 28'0",Walk-out,Main,Main,914,321025,http://www.ultimateplans.com/UploadedFiles/HomePlans/321025-FP-E.gif,
1140,0,0,0,3,2 Full,2,44'0" x 27'0",Basement,Main,Main,1140,321022,http://www.ultimateplans.com/UploadedFiles/HomePlans/321022-FP-E.gif,
1787,0,0,0,3,2 Full,2,54'2" x 56'2",Basement|Crawlspace|Slab|Walk-out,Main,Main,1787,151007,http://www.ultimateplans.com/UploadedFiles/HomePlans/151007-FP-E.gif,
1365,1288,0,0,4,2 Full+ 1 Half,2,61'0" x 37'6",Basement,Upper,Main,2653,161017,http://www.ultimateplans.com/UploadedFiles/HomePlans/161017-FP-E.gif,http://www.ultimateplans.com/UploadedFiles/HomePlans/161017-FPU-E.gif,
2396,0,0,0,4,2 Full,2,72'0" x 60'0",Basement|Crawlspace|Slab,Main,,2396,211009,http://www.ultimateplans.com/UploadedFiles/HomePlans/211009-FP-E.gif,
2036,0,0,0,3,2 Full,2,58'10" x 59'1",Crawlspace|Slab,Main,Main,2036,241007,http://www.ultimateplans.com/UploadedFiles/HomePlans/241007-FP-E.gif,
1331,1122,0,0,3,2 Full+ 1 Half,2,52'0" x 46'8",Basement|Crawlspace|Slab,,Main,2453,181136,http://www.ultimateplans.com/UploadedFiles/HomePlans/181136-FP-E.gif,http://www.ultimateplans.com/UploadedFiles/HomePlans/181136-FPU-E.gif,
1369,1111,0,0,4,2 Full+ 1 Half,3,64'0" x 46'0",Basement,Upper,Main,2480,121020,http://www.ultimateplans.com/UploadedFiles/HomePlans/121020-FP-E.gif,http://www.ultimateplans.com/UploadedFiles/HomePlans/121020-FPU-E.gif,
1060,1039,0,0,4,2 Full+ 1 Half,2,50'0" x 39'0",Basement|Crawlspace|Slab,,Main,2099,181094,http://www.ultimateplans.com/UploadedFiles/HomePlans/181094-FP-E.gif,http://www.ultimateplans.com/UploadedFiles/HomePlans/181094-FPU-E.gif,
3554,0,0,0,3,3 Full,3,80'11" x 95'8",Basement|Crawlspace|Slab|Walk-out,Main,,3554,151060,http://www.ultimateplans.com/UploadedFiles/HomePlans/151060-FP.jpg,
2078,823,0,0,3,2 Full+ 1 Half,2,88'6" x 58'3",Basement,Main,Main,2901,291015,http://www.ultimateplans.com/UploadedFiles/HomePlans/291015-FP.jpg,http://www.ultimateplans.com/UploadedFiles/HomePlans/291015-FPU.jpg,
1593,0,0,0,3,2 Full,2,60'0" x 48'10",Basement,Main,Main,1593,161005,http://www.ultimateplans.com/UploadedFiles/HomePlans/161005-FP-E.gif,
960,534,0,0,3,2 Full,0,35'0" x 30'0",Basement|Crawlspace|Slab,,Main,1494,181126,http://www.ultimateplans.com/UploadedFiles/HomePlans/181126-FP-E.gif,http://www.ultimateplans.com/UploadedFiles/HomePlans/181126-FPU-E.gif,
1882,0,0,0,4,2 Full,2,58'0" x 47'6",Basement,Main,Main,1882,321020,http://www.ultimateplans.com/UploadedFiles/HomePlans/321020-FP-E.gif,
1207,1181,0,0,4,2 Full+ 1 Half,2,59'10" x 37'4",Basement,Upper,Main,2388,161027,http://www.ultimateplans.com/UploadedFiles/HomePlans/161027-FP-E.gif,http://www.ultimateplans.com/UploadedFiles/HomePlans/161027-FPU-E.gif,
1036,861,0,0,3,2 Full+ 1 Half,2,48'0" x 38'0",Basement,Upper,Main,1897,161021,http://www.ultimateplans.com/UploadedFiles/HomePlans/161021-FP-E.gif,http://www.ultimateplans.com/UploadedFiles/HomePlans/161021-FPU-E.gif,
2041,0,0,0,3,2 Full,2,67'6" x 63'6",Basement,Main,Main,2041,161026,http://www.ultimateplans.com/UploadedFiles/HomePlans/161026-FP-E.gif,
2123,0,0,0,3,2 Full+ 1 Half,2,58'0" x 71'0",Basement|Crawlspace|Slab,Main,,2123,211051,http://www.ultimateplans.com/UploadedFiles/HomePlans/211051-FP-E.gif,
2554,0,0,0,4,2 Full+ 1 Half,2,64'0" x 60'2",Basement|Crawlspace|Slab|Walk-out,Main,,2554,151063,http://www.ultimateplans.com/UploadedFiles/HomePlans/151063-FP1.jpg,
1735,841,0,0,4,2 Full+ 1 Half,2,58'8" x 54'0",Basement,Main,Main,2576,121029,http://www.ultimateplans.com/UploadedFiles/HomePlans/121029-FP-E.gif,http://www.ultimateplans.com/UploadedFiles/HomePlans/121029-FPU-E.gif,
2177,0,0,0,3,2 Full,2,61'0" x 77'0",Basement|Crawlspace|Slab,Main,Main,2177,211006,http://www.ultimateplans.com/UploadedFiles/HomePlans/211006-FP-E.gif,
1972,673,0,0,4,2 Full+ 1 Half,3,60'0" x 58'0",Basement,Main,Main,2645,121090,http://www.ultimateplans.com/UploadedFiles/HomePlans/121090-FP-E.gif,http://www.ultimateplans.com/UploadedFiles/HomePlans/121090-FPU-E.gif,
1577,981,0,0,4,2 Full+ 1 Half,0,84'0" x 54'0",Crawlspace|Slab,Main,,2558,171017,http://www.ultimateplans.com/UploadedFiles/HomePlans/171017-FP.jpg,http://www.ultimateplans.com/UploadedFiles/HomePlans/171017-FPU.jpg,
2107,1001,0,0,3,2 Full+ 1 Half,3,66'8" x 60'4",Basement|Crawlspace|Slab,,Main,3108,151121,http://www.ultimateplans.com/UploadedFiles/HomePlans/151121-FP-E.gif,http://www.ultimateplans.com/UploadedFiles/HomePlans/151121-FPU-E.gif,
2600,0,0,0,3,2 Full+ 1 Half,3,87'0" x 60'0",Basement,,,2600,221001,http://www.ultimateplans.com/UploadedFiles/HomePlans/221001-FP-E.gif,
845,883,0,0,4,2 Full+ 1 Half,2,40'0" x 42'0",Basement,Upper,Main,1728,121084,http://www.ultimateplans.com/UploadedFiles/HomePlans/121084-FP-E.gif,http://www.ultimateplans.com/UploadedFiles/HomePlans/121084-FPU-E.gif,
3566,0,0,248,3,2 Full+ 1 Half,3,88'0" x 70'8",Walk-out,Main,Main,3814,321016,http://www.ultimateplans.com/UploadedFiles/HomePlans/321016-FP-E.gif,
856,581,0,0,3,1 Full+ 1 Half,0,44'0" x 26'0",Crawlspace|Slab|Walk-out,,Main,1437,181132,http://www.ultimateplans.com/UploadedFiles/HomePlans/181132-FP-E.gif,http://www.ultimateplans.com/UploadedFiles/HomePlans/181132-FPU-E.gif,
745,544,0,443,3,2 Full+ 1 Half,2,43'0" x 40'0",Basement,,Main,1732,221024,http://www.ultimateplans.com/UploadedFiles/HomePlans/221024-FP-E.gif,
1266,0,0,0,3,2 Full,2,40'0" x 64'0",Crawlspace|Slab,Main,,1266,211018,http://www.ultimateplans.com/UploadedFiles/HomePlans/211018-FP-E.gif,
547,418,0,0,1,1 Full+ 1 Half,0,24'0" x 25'4",Crawlspace,Upper,,965,291006,http://www.ultimateplans.com/UploadedFiles/HomePlans/291006-FP-E.gif,http://www.ultimateplans.com/UploadedFiles/HomePlans/291006-FPU-E.gif,
1595,875,0,0,4,2 Full+ 1 Half,2,47'4" x 58'8",Basement|Crawlspace|Slab,Main,Main,2470,151177,http://www.ultimateplans.com/UploadedFiles/HomePlans/151177-FP-E.gif,http://www.ultimateplans.com/UploadedFiles/HomePlans/151177-FPU-E.gif,
1777,0,0,557,3,2 Full,2,50'0" x 56'0",Walk-out,Main,Main,2334,321029,http://www.ultimateplans.com/UploadedFiles/HomePlans/321029-FP-E.gif,
2093,0,0,0,4,2 Full,3,56'0" x 70'0",Basement,Main,Main,2093,121052,http://www.ultimateplans.com/UploadedFiles/HomePlans/121052-FP-E.gif,
1704,0,0,0,3,2 Full+ 1 Half,2,71'0" x 50'0",Crawlspace|Slab,Main,,1704,211086,http://www.ultimateplans.com/UploadedFiles/HomePlans/211086-FP-E.gif,
1415,0,0,0,3,2 Full,2,56'0" x 50'0",Crawlspace|Slab,Main,,1415,211026,http://www.ultimateplans.com/UploadedFiles/HomePlans/211026-FP-E.gif,
1972,0,0,0,3,2 Full,2,76'0" x 61'0",Crawlspace|Slab,Main,,1972,171010,http://www.ultimateplans.com/UploadedFiles/HomePlans/171010-FP-E.gif,
1470,1635,0,0,4,3 Full,2,62'0" x 36'4",Crawlspace|Slab|Walk-out,,Main,3105,181122,http://www.ultimateplans.com/UploadedFiles/HomePlans/181122-FP-E.gif,http://www.ultimateplans.com/UploadedFiles/HomePlans/181122-FPU-E.gif,
2184,1253,0,0,5,4 Full,3,59'6" x 74'4",Basement|Crawlspace|Slab|Walk-out,Main,Main,3437,151011,http://www.ultimateplans.com/UploadedFiles/HomePlans/151011-FP-E.gif,http://www.ultimateplans.com/UploadedFiles/HomePlans/151011-FPU-E.gif,
2080,0,0,0,3,2 Full,2,60'0" x 58'0",Slab,Main,Main,2080,241003,http://www.ultimateplans.com/UploadedFiles/HomePlans/241003-FP-E.gif,
1252,0,0,151,3,2 Full,0,47'0" x 32'0",Walk-out,Main,Main,1403,321024,http://www.ultimateplans.com/UploadedFiles/HomePlans/321024-FP-E.gif,
772,411,0,0,2,2 Full,0,28'0" x 28'7",Crawlspace,Upper,,1183,291008,http://www.ultimateplans.com/UploadedFiles/HomePlans/291008-FP-E.gif,http://www.ultimateplans.com/UploadedFiles/HomePlans/291008-FPU-E.gif,
1231,0,0,0,2,2 Full,0,31'8" x 45'0",Basement,Main,Main,1231,321039,http://www.ultimateplans.com/UploadedFiles/HomePlans/321039-FP-E.gif,
2633,752,0,0,4,4 Full,3,75'2" x 89'6",Basement|Crawlspace|Slab,Main,Main,3385,151021,http://www.ultimateplans.com/UploadedFiles/HomePlans/129990370997151135_20_151021-FP.jpg,http://www.ultimateplans.com/UploadedFiles/HomePlans/151021-FPU-E.gif,
1346,0,0,0,3,2 Full,2,54'0" x 44'6",Crawlspace|Slab,Main,,1346,211020,http://www.ultimateplans.com/UploadedFiles/HomePlans/211020-FP.jpg,
1312,0,0,0,3,2 Full,2,50'0" x 40'0",Basement|Crawlspace|Slab,Main,,1312,391008,http://www.ultimateplans.com/UploadedFiles/HomePlans/391008-FP.jpg,
2002,0,0,0,3,2 Full,2,66'0" x 60'0",Basement|Crawlspace|Slab,Main,Main,2002,211048,http://www.ultimateplans.com/UploadedFiles/HomePlans/211048-FP-E.gif,
2486,681,0,0,4,3 Full,0,67'3" x 68'6",Basement|Crawlspace|Slab|Walk-out,,,3167,151180,http://www.ultimateplans.com/UploadedFiles/HomePlans/151180-FP.jpg,http://www.ultimateplans.com/UploadedFiles/HomePlans/151180-FPU.jpg,
1395,0,0,0,3,2 Full,2,73'0" x 37'0",Basement|Crawlspace|Slab,Main,,1395,211019,http://www.ultimateplans.com/UploadedFiles/HomePlans/211019-FP-E.gif,
668,691,0,0,2,3 Full,2,48'0" x 30'0",Basement,Upper,Main,1359,271012,http://www.ultimateplans.com/UploadedFiles/HomePlans/271012-FP-E.gif,http://www.ultimateplans.com/UploadedFiles/HomePlans/271012-FPU-E.gif,
576,489,0,0,1,1 Full+ 1 Half,0,24'0" x 31'0",Crawlspace,Upper,,1065,291007,http://www.ultimateplans.com/UploadedFiles/HomePlans/291007-FP-E.gif,http://www.ultimateplans.com/UploadedFiles/HomePlans/291007-FPU-E.gif,
996,594,0,0,3,2 Full,0,26'4" x 39'0",Basement|Crawlspace|Slab,,Main,1590,181131,http://www.ultimateplans.com/UploadedFiles/HomePlans/181131-FP-E.gif,http://www.ultimateplans.com/UploadedFiles/HomePlans/181131-FPU-E.gif,
1869,0,0,0,3,2 Full,2,74'10" x 44'4",Crawlspace|Slab,Main,,1869,201044,http://www.ultimateplans.com/UploadedFiles/HomePlans/201044-FP-E.gif,
1293,1138,0,0,4,2 Full+ 1 Half,2,64'4" x 53'4",Basement|Crawlspace|Slab,Upper,Main,2431,131051,http://www.ultimateplans.com/UploadedFiles/HomePlans/131051-FP-E.gif,http://www.ultimateplans.com/UploadedFiles/HomePlans/131051-FPU-E.gif,
2286,0,0,0,3,2 Full+ 1 Half,2,76'10" x 55'6",Basement|Crawlspace|Slab,,,2286,311030,http://www.ultimateplans.com/UploadedFiles/HomePlans/311030-FP-E.gif,http://www.ultimateplans.com/UploadedFiles/HomePlans/311030-FPU-E.gif,
1297,0,0,1234,4,2 Full+ 1 Half,2,77'0" x 36'8",Walk-out,Main,Main,2531,321017,http://www.ultimateplans.com/UploadedFiles/HomePlans/321017-FP-E.gif,
1967,632,0,0,4,4 Full,2,48'0" x 72'0",Crawlspace|Slab,Main,,2599,171018,http://www.ultimateplans.com/UploadedFiles/HomePlans/171018-FP-E.gif,
1754,0,0,0,3,2 Full,2,69'10" x 55'5",Crawlspace|Slab,Main,,1754,201040,http://www.ultimateplans.com/UploadedFiles/HomePlans/201040-FP-E.gif,
1739,0,0,0,3,2 Full,2,58'0" x 53'6",Basement|Crawlspace|Slab|Walk-out,,,1739,151173,http://www.ultimateplans.com/UploadedFiles/HomePlans/151173-FP.jpg,
1887,0,0,0,3,2 Full,2,57'10" x 54'5",Crawlspace|Slab,Main,,1887,201043,http://www.ultimateplans.com/UploadedFiles/HomePlans/201043-FP-E.gif,
728,420,0,0,1,1 Full+ 1 Half,0,28'0" x 26'0",Basement|Crawlspace|Slab,,Main,1148,181112,http://www.ultimateplans.com/UploadedFiles/HomePlans/181112-FP-E.gif,http://www.ultimateplans.com/UploadedFiles/HomePlans/181112-FPU-E.gif,
2052,0,0,0,3,2 Full,2,50'0" x 68'0",Crawlspace|Slab,,,2052,191026,http://www.ultimateplans.com/UploadedFiles/HomePlans/191026-FP-E.gif,
2023,0,0,0,3,2 Full,2,73'0" x 66'0",Crawlspace|Slab,Main,,2023,211049,http://www.ultimateplans.com/UploadedFiles/HomePlans/211049-FP-E.gif,
2523,0,0,0,3,2 Full,3,88'4" x 48'4",Basement,Main,Main,2523,321018,http://www.ultimateplans.com/UploadedFiles/HomePlans/321018-FP-E.gif,
975,622,0,0,3,1 Full+ 1 Half,0,38'0" x 30'8",Basement|Crawlspace|Slab,,Main,1597,181041,http://www.ultimateplans.com/UploadedFiles/HomePlans/181041-FP-E.gif,http://www.ultimateplans.com/UploadedFiles/HomePlans/181041-FPU-E.gif,
959,900,0,0,3,2 Full+ 1 Half,2,54'0" x 33'0",Basement,Upper,,1859,281002,http://www.ultimateplans.com/UploadedFiles/HomePlans/281002-FP-E.gif,http://www.ultimateplans.com/UploadedFiles/HomePlans/281002-FPU-E.gif,
2340,0,0,0,3,2 Full+ 1 Half,2,74'0" x 55'0",Crawlspace|Slab,,Main,2340,191015,http://www.ultimateplans.com/UploadedFiles/HomePlans/191015-FP.gif,
2188,0,0,0,4,3 Full,2,62'0" x 72'0",Crawlspace|Slab,,Main,2188,191008,http://www.ultimateplans.com/UploadedFiles/HomePlans/191008-FP-E.gif,
1676,0,0,0,2,1 Full,1,48'0" x 44'0",Basement|Crawlspace|Slab,Main,Main,1676,181028,http://www.ultimateplans.com/UploadedFiles/HomePlans/181028-FP-E.gif,
2482,0,0,0,4,3 Full,0,68'0" x 70'0",Crawlspace|Slab,Main,,2482,171016,http://www.ultimateplans.com/UploadedFiles/HomePlans/171016-FP-E.gif,
920,0,0,0,2,1 Full,0,38'0" x 28'0",Basement|Crawlspace|Slab,Main,Main,920,181001,http://www.ultimateplans.com/UploadedFiles/HomePlans/181001-FP.jpg,
1969,687,0,0,4,3 Full,2,86'4" x 45'4",Basement|Crawlspace|Slab,Main,Main,2656,371008,http://www.ultimateplans.com/UploadedFiles/HomePlans/371008-FP.jpg,http://www.ultimateplans.com/UploadedFiles/HomePlans/371008-FPU.jpg,
3050,0,0,1776,4,2 Full+ 1 Half,3,109'0" x 57'6",Walk-out,Main,Main,4826,321032,http://www.ultimateplans.com/UploadedFiles/HomePlans/321032-FP-E.gif,
2585,0,0,0,4,3 Full,2,72'0" x 69'10",Basement|Crawlspace|Slab,Main,Main,2585,131036,http://www.ultimateplans.com/UploadedFiles/HomePlans/131036-FP-E.gif,http://www.ultimateplans.com/UploadedFiles/HomePlans/131036-FPU-E.gif,
2839,1111,0,0,4,4 Full+ 2 Half,3,95'9" x 70'2",Basement,,,3950,121018,http://www.ultimateplans.com/UploadedFiles/HomePlans/121018-FP-E.gif,http://www.ultimateplans.com/UploadedFiles/HomePlans/121018-FPU-E.gif,
2219,583,0,0,4,2 Full+ 1 Half,2,91'4" x 40'8",Basement|Crawlspace|Slab,,Main,2802,181064,http://www.ultimateplans.com/UploadedFiles/HomePlans/181064-FP-E.gif,http://www.ultimateplans.com/UploadedFiles/HomePlans/181064-FPU-E.gif,
2431,0,0,0,4,2 Full+ 1 Half,2,74'4" x 55'4",Crawlspace|Slab,Main,Main,2431,241017,http://www.ultimateplans.com/UploadedFiles/HomePlans/241017-FP-E.gif,http://www.ultimateplans.com/UploadedFiles/HomePlans/241017-FPU-E.gif,
2498,0,0,0,4,2 Full+ 1 Half,3,76'0" x 55'4",Basement|Crawlspace|Slab,Main,Main,2498,121003,http://www.ultimateplans.com/UploadedFiles/HomePlans/121003-FP-E.gif,
1084,0,0,0,2,2 Full,0,35'0" x 40'8",Basement,Main,Main,1084,321040,http://www.ultimateplans.com/UploadedFiles/HomePlans/321040-FP-E.gif,
1547,1395,0,0,5,4 Full,2,55'4" x 53'10",Basement|Crawlspace|Slab|Walk-out,,,2942,151087,http://www.ultimateplans.com/UploadedFiles/HomePlans/151087-FP-E.gif,http://www.ultimateplans.com/UploadedFiles/HomePlans/151087-FPU-E.gif,
2525,0,0,0,3,2 Full+ 1 Half,0,63'4" x 59'10",Basement|Crawlspace|Slab,Main,Main,2525,151188,http://www.ultimateplans.com/UploadedFiles/HomePlans/151188-FP-E.gif,
2266,686,0,0,4,3 Full,2,67'8" x 60'0",Basement|Crawlspace|Slab|Walk-out,,,2952,151183,http://www.ultimateplans.com/UploadedFiles/HomePlans/151183-FP.jpg,http://www.ultimateplans.com/UploadedFiles/HomePlans/151183-FPU-E.gif,
2096,423,0,0,4,4 Full,2,83'7" x 64'10",Slab,Main,Main,2519,241018,http://www.ultimateplans.com/UploadedFiles/HomePlans/241018-FP-E.gif,http://www.ultimateplans.com/UploadedFiles/HomePlans/241018-FPU-E.gif,
2354,0,0,0,4,2 Full+ 1 Half,0,62'0" x 42'0",Crawlspace|Slab,,,2354,191027,http://www.ultimateplans.com/UploadedFiles/HomePlans/191027-FP-E.gif,
4038,0,0,0,4,4 Full+ 1 Half,3,96'0" x 90'0",Basement|Crawlspace|Slab,Main,,4038,211067,http://www.ultimateplans.com/UploadedFiles/HomePlans/211067-FP-E.gif,
1568,0,0,0,3,2 Full,2,54'0" x 48'4",Basement|Crawlspace|Slab,Main,Main,1568,391021,http://www.ultimateplans.com/UploadedFiles/HomePlans/391021-FP.jpg,
1250,0,0,0,2,2 Full,0,52'6" x 45'8",Basement|Crawlspace|Slab,Main,Main,1250,371005,http://www.ultimateplans.com/UploadedFiles/HomePlans/371005-FP-E.gif,http://www.ultimateplans.com/UploadedFiles/HomePlans/371005-FPU-E.gif,
1897,0,0,0,4,2 Full,2,75'2" x 60'9",Basement|Crawlspace|Slab,Main,Main,1897,131011,http://www.ultimateplans.com/UploadedFiles/HomePlans/131011-FP-E.gif,
1214,0,0,0,3,2 Full,2,46'0" x 38'10",Basement|Crawlspace|Slab|Walk-out,,,1214,151203,http://www.ultimateplans.com/UploadedFiles/HomePlans/151203-FP-E.gif,
1868,0,0,0,3,2 Full,2,62'0" x 64'0",Crawlspace|Slab,Main,,1868,211039,http://www.ultimateplans.com/UploadedFiles/HomePlans/211039-FP-E.gif,
1887,0,0,0,3,2 Full+ 1 Half,3,65'4" x 52'8",Basement,Main,Main,1887,121092,http://www.ultimateplans.com/UploadedFiles/HomePlans/121092-FP-E.gif,
1737,0,0,0,3,2 Full,2,72'4" x 43'0",Basement|Crawlspace|Slab,Main,Main,1737,391034,http://www.ultimateplans.com/UploadedFiles/HomePlans/391034-FP.jpg,
1940,0,0,0,4,2 Full,2,58'0" x 54'10",Basement|Crawlspace|Slab,Main,Main,1940,151005,http://www.ultimateplans.com/UploadedFiles/HomePlans/151005-FP-E.gif,
2723,0,0,0,3,2 Full+ 1 Half,3,79'0" x 64'2",Basement,Main,Main,2723,321028,http://www.ultimateplans.com/UploadedFiles/HomePlans/321028-FP-E.gif,
1706,492,0,0,3,2 Full+ 1 Half,2,59'4" x 65'0",Basement,Main,Main,2198,161042,http://www.ultimateplans.com/UploadedFiles/HomePlans/161042-FP-E.gif,http://www.ultimateplans.com/UploadedFiles/HomePlans/161042-FPU-E.gif,
3276,2272,0,0,5,4 Full+ 1 Half,3,81'6" x 93'2",Basement|Crawlspace|Slab,,Main,5548,151033,http://www.ultimateplans.com/UploadedFiles/HomePlans/151033-FP.jpg,http://www.ultimateplans.com/UploadedFiles/HomePlans/151033-FPU-E.gif,
3183,0,0,0,4,2 Full+ 1 Half,3,82'4" x 81'6",Basement|Crawlspace|Slab,Main,,3183,151055,http://www.ultimateplans.com/UploadedFiles/HomePlans/151055-FP-E.gif,
4208,1352,0,0,4,4 Full+ 2 Half,3,94'0" x 68'0",Crawlspace|Slab,Main,,5560,211077,http://www.ultimateplans.com/UploadedFiles/HomePlans/211077-FP-E.gif,http://www.ultimateplans.com/UploadedFiles/HomePlans/211077-FPU-E.gif,
1539,0,0,0,3,2 Full,2,50'0" x 45'4",Basement|Crawlspace|Slab,Main,,1539,391039,http://www.ultimateplans.com/UploadedFiles/HomePlans/391039-FP-E.gif,
1231,0,0,0,2,1 Full,1,39'0" x 45'0",Basement|Crawlspace|Slab,Main,Main,1231,181018,http://www.ultimateplans.com/UploadedFiles/HomePlans/181018-FP-E.gif,
2758,0,0,0,4,2 Full+ 1 Half,3,72'0" x 68'0",Basement,Main,Main,2758,321027,http://www.ultimateplans.com/UploadedFiles/HomePlans/321027-FP.jpg,
1266,1070,0,0,3,2 Full+ 1 Half,2,58'0" x 42'2",Basement|Crawlspace|Slab,Upper,Main,2336,181078,http://www.ultimateplans.com/UploadedFiles/HomePlans/181078-FP-E.gif,http://www.ultimateplans.com/UploadedFiles/HomePlans/181078-FPU-E.gif,
2142,673,0,0,4,3 Full,2,57'4" x 55'10",Basement|Crawlspace|Slab|Walk-out,Main,Main,2815,151174,http://www.ultimateplans.com/UploadedFiles/HomePlans/151174-FP-N.gif,http://www.ultimateplans.com/UploadedFiles/HomePlans/151174-FPU.jpg,
2486,954,0,0,4,3 Full+ 1 Half,2,73'4" x 60'4",Basement|Crawlspace|Slab,Main,,3440,391009,http://www.ultimateplans.com/UploadedFiles/HomePlans/391009-FP.jpg,http://www.ultimateplans.com/UploadedFiles/HomePlans/391009-FPU.jpg,
1665,674,0,0,4,2 Full+ 1 Half,2,54'0" x 45'4",Basement|Slab,Main,,2339,121032,http://www.ultimateplans.com/UploadedFiles/HomePlans/121032-FP-E.gif,http://www.ultimateplans.com/UploadedFiles/HomePlans/121032-FPU-E.gif,
2330,1238,0,0,4,3 Full+ 1 Half,3,80'0" x 84'0",Basement|Crawlspace|Slab,Main,Main,3568,211075,http://www.ultimateplans.com/UploadedFiles/HomePlans/211075-FP-E.gif,http://www.ultimateplans.com/UploadedFiles/HomePlans/211075-FPU-E.gif,
2084,671,0,0,4,3 Full,2,57'4" x 55'10",Basement|Crawlspace|Slab|Walk-out,Main,Main,2755,151184,http://www.ultimateplans.com/UploadedFiles/HomePlans/151184-FP.jpg,http://www.ultimateplans.com/UploadedFiles/HomePlans/151184-FPU.jpg,
1833,0,0,0,3,2 Full,0,48'0" x 59'0",Basement,Main,Main,1833,281029,http://www.ultimateplans.com/UploadedFiles/HomePlans/281029-FP-E.gif,
2373,0,0,0,4,3 Full,2,76'10" x 59'2",Basement|Crawlspace|Slab|Walk-out,,,2373,151181,http://www.ultimateplans.com/UploadedFiles/HomePlans/151181-FP.jpg,http://www.ultimateplans.com/UploadedFiles/HomePlans/151181-FPU.jpg,
1915,823,0,0,4,3 Full+ 1 Half,2,63'4" x 48'0",Basement,Main,Main,2738,161041,http://www.ultimateplans.com/UploadedFiles/HomePlans/161041-FP-E.gif,http://www.ultimateplans.com/UploadedFiles/HomePlans/161041-FPU-E.gif,
2261,0,0,0,4,2 Full+ 1 Half,2,66'0" x 65'2",Basement|Crawlspace|Slab|Walk-out,,,2261,151168,http://www.ultimateplans.com/UploadedFiles/HomePlans/151168-FP.jpg,http://www.ultimateplans.com/UploadedFiles/HomePlans/151168-FPU.jpg,
2292,754,0,0,4,3 Full,2,66'6" x 55'6",Slab,Main,Main,3046,241014,http://www.ultimateplans.com/UploadedFiles/HomePlans/241014-FP-E.gif,http://www.ultimateplans.com/UploadedFiles/HomePlans/241014-FPU-E.gif,
1545,566,0,0,2,2 Full+ 1 Half,2,56'0" x 53'2",Basement|Crawlspace|Slab,,Main,2111,181061,http://www.ultimateplans.com/UploadedFiles/HomePlans/181061-FP-E.gif,http://www.ultimateplans.com/UploadedFiles/HomePlans/181061-FPU-E.gif,
4193,1281,0,0,4,4 Full+ 2 Half,3,94'0" x 71'0",Crawlspace|Slab|Walk-out,Main,,5474,211127,http://www.ultimateplans.com/UploadedFiles/HomePlans/211127-FP-E.gif,http://www.ultimateplans.com/UploadedFiles/HomePlans/211127-FPU-E.gif,
1712,0,0,0,3,2 Full+ 1 Half,2,67'0" x 42'4",Crawlspace,Main,Main,1712,321026,http://www.ultimateplans.com/UploadedFiles/HomePlans/321026-FP-E.gif,
1750,0,0,0,2,2 Full,3,66'0" x 50'0",Basement|Crawlspace|Slab,,,1750,391004,http://www.ultimateplans.com/UploadedFiles/HomePlans/391004-FP.jpg,
2710,0,0,0,4,3 Full+ 1 Half,3,74'6" x 77'0",Crawlspace|Slab,Main,,2710,211148,http://www.ultimateplans.com/UploadedFiles/HomePlans/211148-FP-E.jpg,
1935,0,0,75,3,2 Full,2,53'0" x 49'4",Basement|Walk-out,Main,Main,2010,151138,http://www.ultimateplans.com/UploadedFiles/HomePlans/151138-FP-E.gif,http://www.ultimateplans.com/UploadedFiles/HomePlans/151138-FPU-E.gif,
3158,0,0,0,4,3 Full,2,72'0" x 70'0",Basement|Crawlspace|Slab,Main,,3158,211065,http://www.ultimateplans.com/UploadedFiles/HomePlans/211065-FP-E.gif,
1622,0,0,0,3,2 Full,2,51'0" x 52'0",Basement,Main,Main,1622,121055,http://www.ultimateplans.com/UploadedFiles/HomePlans/121055-FP-E.gif,
1366,1278,0,0,4,2 Full+ 1 Half,2,54'8" x 42'0",Basement,Upper,Main,2644,121028,http://www.ultimateplans.com/UploadedFiles/HomePlans/121028-FP-E.gif,http://www.ultimateplans.com/UploadedFiles/HomePlans/121028-FPU-E.gif,
1636,0,0,0,3,2 Full,2,54'0" x 48'4",Basement|Crawlspace|Slab,,,1636,391025,http://www.ultimateplans.com/UploadedFiles/HomePlans/391025-FP.jpg,
1456,0,0,0,3,2 Full,2,50'0" x 45'4",Basement|Crawlspace|Slab,Main,,1456,391006,http://www.ultimateplans.com/UploadedFiles/HomePlans/391006-FP-E.gif,
1124,659,0,0,3,2 Full+ 1 Half,2,60'2" x 39'10",Basement|Crawlspace|Slab|Walk-out,Main,Main,1783,151016,http://www.ultimateplans.com/UploadedFiles/HomePlans/151016-FP-E.gif,http://www.ultimateplans.com/UploadedFiles/HomePlans/151016-FPU.jpg,
1136,993,0,0,3,2 Full+ 1 Half,2,56'0" x 38'0",Basement|Crawlspace|Slab,,Main,2129,181035,http://www.ultimateplans.com/UploadedFiles/HomePlans/181035-FP-E.gif,http://www.ultimateplans.com/UploadedFiles/HomePlans/181035-FPU-E.gif,
891,894,0,0,3,2 Full+ 1 Half,2,45'8" x 35'8",Basement|Crawlspace|Slab,Upper,,1785,391016,http://www.ultimateplans.com/UploadedFiles/HomePlans/391016-FP-E.gif,http://www.ultimateplans.com/UploadedFiles/HomePlans/391016-FPU-E.gif,
2000,0,0,0,3,2 Full,2,68'0" x 64'0",Crawlspace|Slab,Main,,2000,211050,http://www.ultimateplans.com/UploadedFiles/HomePlans/211050-FP-E.gif,
1018,416,0,0,3,2 Full,2,73'0" x 36'0",Basement|Crawlspace|Slab,Upper,Main,1434,391027,http://www.ultimateplans.com/UploadedFiles/HomePlans/391027-FP.jpg,http://www.ultimateplans.com/UploadedFiles/HomePlans/391027-FPU.jpg,
1575,0,0,0,3,2 Full,0,57'4" x 65'0",Crawlspace|Slab,,,1575,191037,http://www.ultimateplans.com/UploadedFiles/HomePlans/191037-FP-E.gif,
2562,0,0,1955,3,2 Full+ 2 Half,3,75'8" x 70'6",Basement,Main,Main,4517,161032,http://www.ultimateplans.com/UploadedFiles/HomePlans/161032-FP-E.gif,
1493,0,0,0,3,2 Full,2,48'0" x 58'0",Basement|Crawlspace|Slab|Walk-out,Main,Main,1493,281031,http://www.ultimateplans.com/UploadedFiles/HomePlans/281031-FP-E.gif,
1281,1072,0,0,3,2 Full+ 1 Half,2,68'0" x 34'0",Basement|Crawlspace|Slab,Upper,Main,2353,181137,http://www.ultimateplans.com/UploadedFiles/HomePlans/181137-FP-E.gif,http://www.ultimateplans.com/UploadedFiles/HomePlans/181137-FPU-E.gif,
2310,866,0,0,3,3 Full+ 1 Half,2,78'0" x 64'0",Basement|Crawlspace|Slab,Main,Main,3176,391031,http://www.ultimateplans.com/UploadedFiles/HomePlans/391031-FP.jpg,http://www.ultimateplans.com/UploadedFiles/HomePlans/391031-FPU.jpg,
1413,563,0,0,4,2 Full+ 1 Half,2,54'0" x 51'8",Basement|Crawlspace|Slab,Main,Main,1976,121089,http://www.ultimateplans.com/UploadedFiles/HomePlans/121089-FP-E.gif,http://www.ultimateplans.com/UploadedFiles/HomePlans/121089-FPU-E.gif,
1115,1129,0,0,4,2 Full+ 1 Half,2,41'4" x 47'4",Basement|Crawlspace|Slab,Upper,,2244,391023,http://www.ultimateplans.com/UploadedFiles/HomePlans/391023-FP.jpg,http://www.ultimateplans.com/UploadedFiles/HomePlans/391023-FPU.jpg,
3051,517,0,0,3,3 Full+ 2 Half,2,70'0" x 81'0",Basement|Crawlspace|Slab,,Main,3568,151106,http://www.ultimateplans.com/UploadedFiles/HomePlans/151106-FP-E.gif,http://www.ultimateplans.com/UploadedFiles/HomePlans/151106-FPU-E.gif,
1800,0,0,0,3,2 Full,2,66'0" x 60'0",Basement|Crawlspace|Slab,Main,,1800,211040,http://www.ultimateplans.com/UploadedFiles/HomePlans/211040-FP-E.gif,
2570,1488,0,0,4,3 Full+ 2 Half,2,82'6" x 76'7",Slab,Main,Main,4058,241020,http://www.ultimateplans.com/UploadedFiles/HomePlans/241020-FP-E.gif,http://www.ultimateplans.com/UploadedFiles/HomePlans/241020-FPU-E.gif,
1672,524,0,0,3,2 Full+ 1 Half,0,50'0" x 50'0",Basement|Crawlspace|Slab|Walk-out,,,2196,151189,http://www.ultimateplans.com/UploadedFiles/HomePlans/151189-FP-E.gif,http://www.ultimateplans.com/UploadedFiles/HomePlans/151189-FPU.jpg,
1750,855,0,0,4,2 Full+ 1 Half,2,77'0" x 56'0",Basement|Crawlspace|Slab,Main,,2605,211103,http://www.ultimateplans.com/UploadedFiles/HomePlans/211103-FP-E.gif,http://www.ultimateplans.com/UploadedFiles/HomePlans/211103-FPU.jpg,
1597,685,0,0,4,2 Full+ 1 Half,3,65'4" x 48'8",Basement,Main,Main,2282,121095,http://www.ultimateplans.com/UploadedFiles/HomePlans/121095-FP-E.gif,http://www.ultimateplans.com/UploadedFiles/HomePlans/121095-FPU-E.gif,
2214,0,0,0,3,2 Full,2,68'4" x 80'0",Crawlspace|Slab,Main,,2214,191033,http://www.ultimateplans.com/UploadedFiles/HomePlans/191033-FP-E.gif,
1078,794,0,0,3,2 Full,1,36'0" x 34'0",Basement|Crawlspace|Slab|Walk-out,Main,Main,1872,181116,http://www.ultimateplans.com/UploadedFiles/HomePlans/181116-FP-E.gif,http://www.ultimateplans.com/UploadedFiles/HomePlans/181116-FPU-E.gif,
2123,0,0,0,3,2 Full+ 1 Half,0,60'0" x 76'0",Crawlspace|Slab,,Main,2123,191012,http://www.ultimateplans.com/UploadedFiles/HomePlans/191012-FP-E.gif,
1782,0,0,0,3,2 Full,2,52'0" x 59'4",Basement|Slab,Main,Main,1782,121059,http://www.ultimateplans.com/UploadedFiles/HomePlans/121059-FP-E.gif,
2078,0,0,0,3,2 Full,2,62'8" x 57'11",Basement|Walk-out,Main,Main,2078,161066,http://www.ultimateplans.com/UploadedFiles/HomePlans/161066-FP-E.gif,
1378,1269,0,0,3,3 Full,2,71'0" x 45'0",Basement|Crawlspace|Slab,Upper,Main,2647,391024,http://www.ultimateplans.com/UploadedFiles/HomePlans/391024-FP.jpg,http://www.ultimateplans.com/UploadedFiles/HomePlans/391024-FPU.jpg,
1747,895,0,0,4,3 Full+ 1 Half,2,55'0" x 52'10",Basement|Crawlspace|Slab|Walk-out,,,2642,151201,http://www.ultimateplans.com/UploadedFiles/HomePlans/151201-FP-E.gif,http://www.ultimateplans.com/UploadedFiles/HomePlans/151201-FPU-E.gif,
911,956,0,0,3,2 Full+ 1 Half,1,38'0" x 38'0",Basement|Crawlspace|Slab,Upper,Upper,1867,181162,http://www.ultimateplans.com/UploadedFiles/HomePlans/181162-FP-E.gif,http://www.ultimateplans.com/UploadedFiles/HomePlans/181162-FPU-E.gif,
2573,2390,0,0,5,3 Full+ 1 Half,3,122'0" x 52'6",Crawlspace,,,4963,391010,http://www.ultimateplans.com/UploadedFiles/HomePlans/391010-FP.jpg,http://www.ultimateplans.com/UploadedFiles/HomePlans/391010-FPU.jpg,
1591,729,0,0,3,2 Full+ 1 Half,2,69'2" x 39'4",Basement|Crawlspace|Slab|Walk-out,Main,,2320,151091,http://www.ultimateplans.com/UploadedFiles/HomePlans/151091-FP-E.gif,http://www.ultimateplans.com/UploadedFiles/HomePlans/151091-FPU-E.gif,
1895,889,0,0,4,2 Full+ 1 Half,3,54'2" x 73'6",Basement|Crawlspace|Slab,Main,Main,2784,151118,http://www.ultimateplans.com/UploadedFiles/HomePlans/151118-FP-E.gif,http://www.ultimateplans.com/UploadedFiles/HomePlans/151118-FPU-E.gif,
3465,975,0,0,4,5 Full+ 1 Half,3,94'0" x 92'0",Crawlspace,Main,,4440,211125,http://www.ultimateplans.com/UploadedFiles/HomePlans/211125-FP-E.gif,http://www.ultimateplans.com/UploadedFiles/HomePlans/211125-FPU-E.gif,
1978,1768,0,0,4,3 Full+ 1 Half,3,93'0" x 54'0",Basement,Upper,,3746,391018,http://www.ultimateplans.com/UploadedFiles/HomePlans/391018-FP.jpg,http://www.ultimateplans.com/UploadedFiles/HomePlans/391018-FPU.jpg,
2651,1089,0,0,4,4 Full+ 1 Half,3,92'5" x 64'0",Basement|Crawlspace|Slab|Walk-out,Main,Main,3740,151080,http://www.ultimateplans.com/UploadedFiles/HomePlans/151080-FP-E.gif,http://www.ultimateplans.com/UploadedFiles/HomePlans/151080-FPU-E.gif,
1735,1458,0,0,4,3 Full+ 1 Half,0,81'8" x 34'0",Basement,,,3193,261013,http://www.ultimateplans.com/UploadedFiles/HomePlans/261013-FP-E.gif,http://www.ultimateplans.com/UploadedFiles/HomePlans/261013-FPU-E.gif,
1779,0,0,0,3,2 Full,2,55'6" x 51'1",Crawlspace|Slab,Main,Main,1779,241022,http://www.ultimateplans.com/UploadedFiles/HomePlans/241022-FP-E.gif,
730,438,0,0,3,2 Full,0,25'8" x 30'0",Basement|Crawlspace|Slab,,,1168,181169,http://www.ultimateplans.com/UploadedFiles/HomePlans/181169-FP-E.gif,http://www.ultimateplans.com/UploadedFiles/HomePlans/181169-FPU-E.gif,
2350,0,0,850,3,2 Full+ 1 Half,3,79'4" x 59'6",Walk-out,Main,Main,3200,321031,http://www.ultimateplans.com/UploadedFiles/HomePlans/321031-FP-E.gif,
1771,0,0,0,2,2 Full,2,54'0" x 50'0",Crawlspace|Slab,,,1771,391028,http://www.ultimateplans.com/UploadedFiles/HomePlans/391028-FP-E.gif,
2366,0,0,0,4,3 Full,2,50'0" x 86'0",Slab,Main,,2366,211057,http://www.ultimateplans.com/UploadedFiles/HomePlans/211057-FP-E.gif,
1873,1598,0,0,4,3 Full+ 1 Half,0,78'10" x 43'0",Basement,,,3471,261014,http://www.ultimateplans.com/UploadedFiles/HomePlans/261014-FP-E.gif,http://www.ultimateplans.com/UploadedFiles/HomePlans/261014-FPU-E.gif,
1087,1032,0,0,4,2 Full+ 1 Half,0,38'0" x 38'0",Basement|Crawlspace|Slab,Upper,Main,2119,181164,http://www.ultimateplans.com/UploadedFiles/HomePlans/181164-FP-E.gif,http://www.ultimateplans.com/UploadedFiles/HomePlans/181164-FPU-E.gif,
1906,749,0,0,4,2 Full+ 1 Half,3,65'3" x 57'1",Basement|Slab,Main,Main,2655,121046,http://www.ultimateplans.com/UploadedFiles/HomePlans/121046-FP-E.gif,http://www.ultimateplans.com/UploadedFiles/HomePlans/121046-FPU-E.gif,
1600,1530,0,0,3,3 Full+ 1 Half,3,60'2" x 60'2",Crawlspace|Slab,Upper,Main,3130,151031,http://www.ultimateplans.com/UploadedFiles/HomePlans/151031-FP-E.gif,http://www.ultimateplans.com/UploadedFiles/HomePlans/151031-FPU-E.gif,
1452,1196,0,0,4,2 Full+ 1 Half,2,58'0" x 47'0",Basement,Upper,Main,2648,261012,http://www.ultimateplans.com/UploadedFiles/HomePlans/261012-FP-E.gif,http://www.ultimateplans.com/UploadedFiles/HomePlans/261012-FPU-E.gif,
1494,1410,0,0,4,2 Full+ 1 Half,2,66'0" x 49'0",Basement,Upper,Main,2904,281032,http://www.ultimateplans.com/UploadedFiles/HomePlans/281032-FP-E.gif,http://www.ultimateplans.com/UploadedFiles/HomePlans/281032-FPU-E.gif,
1375,0,0,0,3,2 Full,2,61'0" x 35'0",Crawlspace|Slab,Main,,1375,211021,http://www.ultimateplans.com/UploadedFiles/HomePlans/211021-FP-E.gif,
2129,316,0,0,4,3 Full+ 1 Half,2,60'0" x 77'6",Basement|Crawlspace|Slab|Walk-out,Main,Main,2445,151176,http://www.ultimateplans.com/UploadedFiles/HomePlans/151176-FP-E.gif,http://www.ultimateplans.com/UploadedFiles/HomePlans/151176-FPU-E.gif,
1626,0,0,0,3,2 Full,2,52'0" x 52'0",Basement,Main,Main,1626,281027,http://www.ultimateplans.com/UploadedFiles/HomePlans/281027-FP-E.gif,
609,642,0,0,3,2 Full+ 1 Half,1,27'0" x 45'0",Basement|Crawlspace|Slab|Walk-out,Upper,,1251,151092,http://www.ultimateplans.com/UploadedFiles/HomePlans/151092-FP-E.gif,http://www.ultimateplans.com/UploadedFiles/HomePlans/151092-FPU-E.gif,
1710,0,0,0,3,2 Full,0,52'6" x 55'6",Basement|Crawlspace|Slab|Walk-out,,,1710,151195,http://www.ultimateplans.com/UploadedFiles/HomePlans/151195-FP-E.gif,http://www.ultimateplans.com/UploadedFiles/HomePlans/151195-FPU.jpg,
1554,0,0,0,2,2 Full,2,50'0" x 52'8",Basement,Main,Main,1554,121058,http://www.ultimateplans.com/UploadedFiles/HomePlans/121058-FP-E.gif,
2973,0,0,0,4,4 Full+ 1 Half,3,108'6" x 59'0",Basement|Crawlspace|Slab,Main,,2973,441010,http://www.ultimateplans.com/UploadedFiles/HomePlans/441010-FP.jpg,http://www.ultimateplans.com/UploadedFiles/HomePlans/441010-FPU-E.gif,
3173,2120,0,946,3,2 Full+ 2 Half,2,75'10" x 126'6",Basement|Walk-out,,,6239,151142,http://www.ultimateplans.com/UploadedFiles/HomePlans/151142-FP-E.gif,http://www.ultimateplans.com/UploadedFiles/HomePlans/151142-FPU-E.gif,
2288,0,0,0,3,2 Full+ 1 Half,2,69'4" x 62'9",Crawlspace|Slab|Walk-out,Main,Main,2288,101012,http://www.ultimateplans.com/UploadedFiles/HomePlans/101012-FP-E.gif,
1316,592,0,0,3,2 Full,0,39'0" x 48'0",Basement|Crawlspace|Slab,Upper,Main,1908,391022,http://www.ultimateplans.com/UploadedFiles/HomePlans/391022-FP-E.gif,http://www.ultimateplans.com/UploadedFiles/HomePlans/391022-FPU-E.gif,
1784,0,0,0,3,2 Full,2,65'10" x 56'4",Basement,Main,Main,1784,161058,http://www.ultimateplans.com/UploadedFiles/HomePlans/161058-FP-E.gif,
1384,1133,0,0,4,3 Full,2,50'0" x 48'6",Basement,Upper,Main,2517,281030,http://www.ultimateplans.com/UploadedFiles/HomePlans/281030-FP-E.gif,http://www.ultimateplans.com/UploadedFiles/HomePlans/281030-FPU-E.gif,
1158,1134,0,0,4,2 Full+ 1 Half,2,46'0" x 47'10",Basement,,,2292,121037,http://www.ultimateplans.com/UploadedFiles/HomePlans/121037-FP-E.gif,http://www.ultimateplans.com/UploadedFiles/HomePlans/121037-FPU-E.gif,
1162,1255,0,0,4,2 Full+ 1 Half,2,58'0" x 42'8",Basement,Upper,Main,2417,121097,http://www.ultimateplans.com/UploadedFiles/HomePlans/121097-FP-E.gif,http://www.ultimateplans.com/UploadedFiles/HomePlans/121097-FPU-E.gif,
3526,1347,0,0,4,4 Full+ 1 Half,3,96'10" x 76'6",Basement|Crawlspace|Slab|Walk-out,Main,Main,4873,151098,http://www.ultimateplans.com/UploadedFiles/HomePlans/151098-FP-E.gif,http://www.ultimateplans.com/UploadedFiles/HomePlans/151098-FPU-E.gif,
2088,0,0,0,3,2 Full+ 1 Half,2,68'0" x 53'0",Basement|Crawlspace|Slab,Main,Main,2088,101008,http://www.ultimateplans.com/UploadedFiles/HomePlans/101008-FP-E.gif,
922,802,0,0,3,2 Full+ 1 Half,2,46'8" x 43'0",Basement,Upper,Main,1724,271010,http://www.ultimateplans.com/UploadedFiles/HomePlans/271010-FP-E.gif,http://www.ultimateplans.com/UploadedFiles/HomePlans/271010-FPU-E.gif,
1224,0,0,0,3,2 Full,2,48'0" x 59'0",Basement|Crawlspace|Slab|Walk-out,Main,Main,1224,151200,http://www.ultimateplans.com/UploadedFiles/HomePlans/151200-FP-E.gif,
1600,0,0,0,3,2 Full,2,52'6" x 58'10",Basement|Crawlspace|Slab,Main,,1600,151178,http://www.ultimateplans.com/UploadedFiles/HomePlans/151178-FP-E.gif,
2777,1170,0,0,4,3 Full+ 2 Half,3,70'0" x 75'10",Basement|Crawlspace|Slab|Walk-out,,,3947,151129,http://www.ultimateplans.com/UploadedFiles/HomePlans/151129-FP.jpg,http://www.ultimateplans.com/UploadedFiles/HomePlans/151129-FPU.jpg,
832,278,0,0,2,2 Full,2,32'0" x 34'0",Pier Pole,Main,,1110,211081,http://www.ultimateplans.com/UploadedFiles/HomePlans/211081-FP-E.gif,http://www.ultimateplans.com/UploadedFiles/HomePlans/211081-FPU.jpg,
1092,0,0,0,3,1 Full+ 1 Half,1,39'8" x 41'0",Basement,Main,Main,1092,321023,http://www.ultimateplans.com/UploadedFiles/HomePlans/321023-FP.jpg,
1295,0,0,0,3,2 Full,2,52'0" x 42'10",Basement|Crawlspace|Slab|Walk-out,Main,Main,1295,151199,http://www.ultimateplans.com/UploadedFiles/HomePlans/151199-FP-E.gif,
1406,0,0,1406,4,3 Full,0,58'0" x 41'4",Basement|Crawlspace|Slab|Walk-out,Main,Main,2812,181165,http://www.ultimateplans.com/UploadedFiles/HomePlans/181165-FP-E.gif,
1793,858,0,0,4,2 Full,0,55'10" x 65'8",Basement|Crawlspace|Slab,,,2651,151202,http://www.ultimateplans.com/UploadedFiles/HomePlans/151202-FP-E.gif,http://www.ultimateplans.com/UploadedFiles/HomePlans/151202-FPU-E.gif,
1487,0,0,0,3,2 Full,2,59'9" x 44'3",Slab,Main,Main,1487,241025,http://www.ultimateplans.com/UploadedFiles/HomePlans/241025-FP-E.gif,
1671,505,0,0,3,2 Full+ 1 Half,2,77'0" x 41'6",Basement|Crawlspace|Slab,Main,,2176,391017,http://www.ultimateplans.com/UploadedFiles/HomePlans/391017-FP.jpg,http://www.ultimateplans.com/UploadedFiles/HomePlans/391017-FPU.jpg,
1033,1358,0,0,4,3 Full,2,40'0" x 40'0",Basement,Main,Lower,2391,281033,http://www.ultimateplans.com/UploadedFiles/HomePlans/281033-FP-E.gif,
2202,1192,0,0,5,3 Full+ 1 Half,3,68'8" x 80'0",Basement|Crawlspace|Slab|Walk-out,,,3394,151081,http://www.ultimateplans.com/UploadedFiles/HomePlans/151081-FP.jpg,http://www.ultimateplans.com/UploadedFiles/HomePlans/151081-FPU-E.gif,
1260,1021,0,0,3,2 Full+ 1 Half,3,76'4" x 45'10",Basement|Crawlspace|Slab,,,2281,391002,http://www.ultimateplans.com/UploadedFiles/HomePlans/391002-FP.jpg,http://www.ultimateplans.com/UploadedFiles/HomePlans/391002-FPU.jpg,
908,576,0,0,3,2 Full,0,26'0" x 48'0",Basement|Crawlspace|Slab|Walk-out,,,1484,181172,http://www.ultimateplans.com/UploadedFiles/HomePlans/181172-FP-E.gif,
1452,0,0,0,3,2 Full,2,64'8" x 40'4",Basement,Main,,1452,271003,http://www.ultimateplans.com/UploadedFiles/HomePlans/271003-FP-E.gif,
1807,0,0,0,3,2 Full,0,54'10" x 56'8",Basement|Crawlspace|Slab|Walk-out,Main,Main,1807,151198,http://www.ultimateplans.com/UploadedFiles/HomePlans/151198-FP-E.gif,
2889,188,0,0,5,4 Full,3,69'2" x 88'10",Basement|Crawlspace|Slab|Walk-out,Main,,3077,151090,http://www.ultimateplans.com/UploadedFiles/HomePlans/151090-FP-E.gif,http://www.ultimateplans.com/UploadedFiles/HomePlans/151090-FPU-E.gif,
2245,710,0,0,4,3 Full,2,58'10" x 57'0",Basement|Crawlspace|Slab,,,2955,151185,http://www.ultimateplans.com/UploadedFiles/HomePlans/127621277284120000_13_151185-FP-E.gif,http://www.ultimateplans.com/UploadedFiles/HomePlans/127621281210526250_13_151185-FPU-E.gif,
1435,1200,0,0,4,2 Full+ 1 Half,2,58'0" x 44'0",Basement,Upper,Main,2635,261007,http://www.ultimateplans.com/UploadedFiles/HomePlans/261007-FP-E.gif,http://www.ultimateplans.com/UploadedFiles/HomePlans/261007-FPU-E.gif,
1440,1086,0,0,3,3 Full+ 1 Half,2,60'0" x 48'0",Basement|Crawlspace|Slab,,Main,2526,181110,http://www.ultimateplans.com/UploadedFiles/HomePlans/181110-FP-E.gif,http://www.ultimateplans.com/UploadedFiles/HomePlans/181110-FPU-E.gif,
1660,0,0,0,3,2 Full,1,59'11" x 50'2",Slab,,,1660,241026,http://www.ultimateplans.com/UploadedFiles/HomePlans/241026-FP-E.gif,http://www.ultimateplans.com/UploadedFiles/HomePlans/241026-FPU-E.gif,
1470,0,0,0,3,2 Full,2,54'0" x 50'0",Basement|Crawlspace|Slab,Main,,1470,211027,http://www.ultimateplans.com/UploadedFiles/HomePlans/211027-FP-E.gif,
2904,0,0,0,3,3 Full+ 1 Half,3,76'0" x 68'1",Basement,,,2904,161062,http://www.ultimateplans.com/UploadedFiles/HomePlans/161062-FP-E.gif,
2153,590,0,0,3,2 Full+ 1 Half,2,64'0" x 56'0",Slab,Main,Main,2743,241012,http://www.ultimateplans.com/UploadedFiles/HomePlans/241012-FP-E.gif,http://www.ultimateplans.com/UploadedFiles/HomePlans/241012-FPU-E.gif,
1541,619,0,0,3,2 Full+ 1 Half,2,58'0" x 44'4",Basement|Crawlspace,Main,Main,2160,161067,http://www.ultimateplans.com/UploadedFiles/HomePlans/161067-FP-E.gif,http://www.ultimateplans.com/UploadedFiles/HomePlans/161067-FPU-E.gif,
1751,0,0,0,3,2 Full,2,62'8" x 42'2",Basement|Walk-out,Main,Main,1751,161064,http://www.ultimateplans.com/UploadedFiles/HomePlans/161064-FP-E.gif,
1035,435,0,0,3,2 Full,0,35'0" x 42'0",Basement|Crawlspace|Slab,Upper,Main,1470,391026,http://www.ultimateplans.com/UploadedFiles/HomePlans/391026-FP-E.gif,http://www.ultimateplans.com/UploadedFiles/HomePlans/391026-FPU-E.gif,
711,711,0,0,3,2 Full,0,26'8" x 26'8",Basement|Crawlspace|Slab,,,1422,181170,http://www.ultimateplans.com/UploadedFiles/HomePlans/181170-FP-E.gif,http://www.ultimateplans.com/UploadedFiles/HomePlans/181170-FPU-E.gif,
741,584,0,0,2,1 Full+ 1 Half,0,33'0" x 26'0",Crawlspace|Slab|Walk-out,,Main,1325,181117,http://www.ultimateplans.com/UploadedFiles/HomePlans/181117-FP-E.gif,http://www.ultimateplans.com/UploadedFiles/HomePlans/181117-FPU-E.gif,
860,840,0,0,3,1 Full+ 1 Half,0,30'0" x 29'8",Basement|Crawlspace|Slab,,Main,1700,181049,http://www.ultimateplans.com/UploadedFiles/HomePlans/181049-FP-E.gif,http://www.ultimateplans.com/UploadedFiles/HomePlans/181049-FPU-E.gif,
1600,1535,0,0,5,4 Full,3,53'0" x 57'0",Basement,Upper,,3135,101024,http://www.ultimateplans.com/UploadedFiles/HomePlans/101024-FP-E.gif,http://www.ultimateplans.com/UploadedFiles/HomePlans/101024-FPU-E.gif,
1609,0,0,0,3,2 Full,2,67'2" x 46'10",Slab,Main,Main,1609,241015,http://www.ultimateplans.com/UploadedFiles/HomePlans/241015-FP-E.gif,
791,524,0,0,2,1 Full+ 1 Half,0,54'0" x 35'8",Basement|Crawlspace|Slab,,Main,1315,181054,http://www.ultimateplans.com/UploadedFiles/HomePlans/181054-FP-E.gif,http://www.ultimateplans.com/UploadedFiles/HomePlans/181054-FPU-E.gif,
1680,0,0,0,3,2 Full,2,51'6" x 52'4",Basement|Crawlspace|Slab|Walk-out,Main,Main,1680,151003,http://www.ultimateplans.com/UploadedFiles/HomePlans/151003-FP-E.gif,
908,0,0,576,3,2 Full,0,27'8" x 48'0",Basement|Crawlspace|Slab,,,1484,181171,http://www.ultimateplans.com/UploadedFiles/HomePlans/181171-FP-E.gif,http://www.ultimateplans.com/UploadedFiles/HomePlans/181171-FPU.jpg,
1397,0,0,0,3,2 Full,0,46'6" x 34'2",Slab,,,1397,241019,http://www.ultimateplans.com/UploadedFiles/HomePlans/241019-FP-E.gif,
998,0,0,0,3,1 Full,1,48'0" x 29'0",Crawlspace|Slab,Main,,998,211013,http://www.ultimateplans.com/UploadedFiles/HomePlans/211013-FP-E.gif,
3190,1053,0,0,4,3 Full+ 1 Half,3,77'0" x 83'6",Basement|Crawlspace|Slab,,,4243,151084,http://www.ultimateplans.com/UploadedFiles/HomePlans/151084-FP-E.gif,http://www.ultimateplans.com/UploadedFiles/HomePlans/151084-FPU-E.gif,
1856,0,0,0,3,2 Full,2,62'0" x 64'0",Basement|Crawlspace|Slab,Main,Main,1856,211003,http://www.ultimateplans.com/UploadedFiles/HomePlans/211003-FP-E.gif,
616,359,0,0,2,1 Full,0,30'6" x 37'0",Basement|Crawlspace|Slab|Walk-out,,,975,151182,http://www.ultimateplans.com/UploadedFiles/HomePlans/151182-FP-E.gif,http://www.ultimateplans.com/UploadedFiles/HomePlans/151182-FPU-E.gif,
1152,940,0,0,3,2 Full+ 1 Half,2,54'8" x 43'0",Basement|Crawlspace|Slab,Upper,Main,2092,131022,http://www.ultimateplans.com/UploadedFiles/HomePlans/131022-FP-E.gif,http://www.ultimateplans.com/UploadedFiles/HomePlans/131022-FPU-E.gif,
1861,0,0,526,3,2 Full+ 1 Half,2,54'0" x 50'0",Basement,Main,Lower,2387,391020,http://www.ultimateplans.com/UploadedFiles/HomePlans/391020-FP.jpg,
1361,1122,0,0,4,2 Full+ 1 Half,2,46'0" x 45'0",Basement|Crawlspace|Slab,,,2483,391011,http://www.ultimateplans.com/UploadedFiles/HomePlans/391011-FP-E.gif,http://www.ultimateplans.com/UploadedFiles/HomePlans/391011-FPU-E.gif,
2185,0,0,0,3,2 Full,2,63'6" x 65'4",Slab,Main,Main,2185,241030,http://www.ultimateplans.com/UploadedFiles/HomePlans/241030-FP-E.gif,http://www.ultimateplans.com/UploadedFiles/HomePlans/241030-FPU-E.gif,
2163,704,0,0,4,3 Full,2,54'8" x 63'0",Slab,,,2867,241024,http://www.ultimateplans.com/UploadedFiles/HomePlans/241024-FP-E.gif,http://www.ultimateplans.com/UploadedFiles/HomePlans/241024-FPU-E.gif,
1600,1530,0,2559,5,5 Full+ 1 Half,3,60'2" x 60'2",Basement|Walk-out,Upper,,5689,151115,http://www.ultimateplans.com/UploadedFiles/HomePlans/151115-FP-E.gif,http://www.ultimateplans.com/UploadedFiles/HomePlans/151115-FPU-E.gif,
1470,725,0,0,4,2 Full+ 1 Half,2,56'6" x 49'0",Basement|Crawlspace|Slab,,,2195,461101,http://www.ultimateplans.com/UploadedFiles/HomePlans/461101-FP-E.gif,http://www.ultimateplans.com/UploadedFiles/HomePlans/461101-FPU-E.gif,
1006,0,0,0,2,1 Full,0,32'0" x 36'8",Basement|Crawlspace|Slab,,,1006,181166,http://www.ultimateplans.com/UploadedFiles/HomePlans/181166-FP-E.gif,
1430,0,0,0,3,2 Full,1,84'0" x 56'8",Basement|Crawlspace|Slab,Main,,1430,391035,http://www.ultimateplans.com/UploadedFiles/HomePlans/391035-FP.jpg,
1752,620,0,0,3,2 Full+ 1 Half,3,64'0" x 52'0",Basement|Crawlspace|Slab,Main,,2372,391014,http://www.ultimateplans.com/UploadedFiles/HomePlans/391014-FP-E.gif,http://www.ultimateplans.com/UploadedFiles/HomePlans/391014-FPU-E.gif,
1108,786,0,0,3,2 Full+ 1 Half,2,52'0" x 41'4",Basement|Crawlspace|Slab,Upper,,1894,391013,http://www.ultimateplans.com/UploadedFiles/HomePlans/391013-FP.jpg,http://www.ultimateplans.com/UploadedFiles/HomePlans/391013-FPU-E.gif,
1590,567,0,0,3,2 Full+ 1 Half,2,54'0" x 46'0",Basement|Crawlspace|Slab,,,2157,391012,http://www.ultimateplans.com/UploadedFiles/HomePlans/391012-FP.jpg,
1575,0,0,0,3,2 Full,2,60'0" x 40'4",Basement|Crawlspace|Slab,Main,,1575,391005,http://www.ultimateplans.com/UploadedFiles/HomePlans/391005-FP-E.gif,
1269,638,0,0,3,2 Full+ 1 Half,0,47'0" x 39'0",Basement|Crawlspace|Slab,,,1907,391003,http://www.ultimateplans.com/UploadedFiles/HomePlans/391003-FP-E.gif,http://www.ultimateplans.com/UploadedFiles/HomePlans/391003-FPU.jpg,
1464,1179,0,0,4,2 Full+ 1 Half,2,43'0" x 56'0",Basement,Upper,Main,2643,281028,http://www.ultimateplans.com/UploadedFiles/HomePlans/281028-FP-E.gif,http://www.ultimateplans.com/UploadedFiles/HomePlans/281028-FPU-E.gif,
1211,734,0,0,3,3 Full,2,46'0" x 44'0",Basement|Slab,Upper,Lower,1945,281016,http://www.ultimateplans.com/UploadedFiles/HomePlans/281016-FP-E.gif,http://www.ultimateplans.com/UploadedFiles/HomePlans/281016-FPU-E.gif,
1993,0,0,0,3,2 Full,2,60'0" x 48'4",Basement,,,1993,271023,http://www.ultimateplans.com/UploadedFiles/HomePlans/271023-FP-E.gif,
2472,0,0,0,4,2 Full,2,73'0" x 56'4",Basement,,,2472,271004,http://www.ultimateplans.com/UploadedFiles/HomePlans/271004-FP-E.gif,
1766,1434,0,0,4,3 Full+ 1 Half,0,79'4" x 48'0",Basement,,,3200,261015,http://www.ultimateplans.com/UploadedFiles/HomePlans/261015-FP-E.gif,http://www.ultimateplans.com/UploadedFiles/HomePlans/261015-FPU-E.gif,
1088,963,0,0,3,2 Full+ 1 Half,2,56'6" x 35'3",Slab,,,2051,241049,http://www.ultimateplans.com/UploadedFiles/HomePlans/241049-FP-E.gif,
